,Symbol,Sell Time,Buy Time,High at order,Low at order,Entry,Exit,Entry Price,Exit Price,Sell Price,Buy Price,Exit Type,Operation,StopLoss,P and L,net p&l,funds
0,BANKBARODA,2022-01-10 10:30:00,2022-01-10 12:00:00,90.45,90.1,2022-01-10 10:30:00,2022-01-10 12:00:00,90.1,90.45,90.1,90.45,StopLoss,upper,90.45,-0.3500000000000085,-499.8000000000122,100000.0
1,INDIGO,2022-01-11 09:45:00,2022-01-11 15:00:00,2106.0,2077.0,2022-01-11 09:45:00,2022-01-11 15:00:00,2077.0,2038.8,2077.0,2038.8,DayEnd,upper,2106.0,38.200000000000045,649.4000000000008,99500.19999999998
2,PIIND,2022-01-12 15:00:00,2022-01-12 09:45:00,2874.7,2826.0,2022-01-12 09:45:00,2022-01-12 15:00:00,2874.7,2870.25,2870.25,2874.7,DayEnd,lower,2826.0,-4.449999999999818,-44.49999999999818,100149.59999999998
3,TATACHEM,2022-01-14 09:45:00,2022-01-14 15:00:00,1045.25,1035.3,2022-01-14 09:45:00,2022-01-14 15:00:00,1035.3,1032.4,1035.3,1032.4,DayEnd,upper,1045.25,2.899999999999864,144.9999999999932,100105.09999999998
4,PRESTIGE,2022-01-18 09:45:00,2022-01-18 15:00:00,544.7,538.05,2022-01-18 09:45:00,2022-01-18 15:00:00,538.05,524.55,538.05,524.55,DayEnd,upper,544.7,13.5,1012.5,100250.09999999998
5,IDEA,2022-01-19 15:00:00,2022-01-19 10:00:00,11.75,11.65,2022-01-19 10:00:00,2022-01-19 15:00:00,11.75,11.95,11.95,11.75,DayEnd,lower,11.65,0.1999999999999993,1012.5999999999964,101262.59999999998
6,LALPATHLAB,2022-01-19 10:15:00,2022-01-19 09:45:00,3299.8,3256.0,2022-01-19 09:45:00,2022-01-19 10:15:00,3299.8,3256.0,3256.0,3299.8,StopLoss,lower,3256.0,-43.80000000000018,-481.800000000002,101262.59999999998
7,HCLTECH,2022-01-20 10:30:00,2022-01-20 09:45:00,1186.75,1182.0,2022-01-20 09:45:00,2022-01-20 10:30:00,1186.75,1182.0,1182.0,1186.75,StopLoss,lower,1182.0,-4.75,-508.25,101793.39999999997
8,LALPATHLAB,2022-01-21 10:30:00,2022-01-21 10:15:00,3068.0,3050.0,2022-01-21 10:15:00,2022-01-21 10:30:00,3068.0,3050.0,3050.0,3068.0,StopLoss,lower,3050.0,-18.0,-504.0,101285.14999999997
9,DIVISLAB,2022-01-24 15:00:00,2022-01-24 10:00:00,3991.4,3935.7,2022-01-24 10:00:00,2022-01-24 15:00:00,3991.4,4015.55,4015.55,3991.4,DayEnd,lower,3935.7,24.15000000000009,217.35000000000082,100781.14999999997
10,RAMCOCEM,2022-01-24 14:00:00,2022-01-24 09:45:00,909.0,892.25,2022-01-24 09:45:00,2022-01-24 14:00:00,909.0,892.25,892.25,909.0,StopLoss,lower,892.25,-16.75,-502.5,100781.14999999997
11,NAUKRI,2022-01-24 15:00:00,2022-01-24 10:30:00,4474.95,4425.0,2022-01-24 10:30:00,2022-01-24 15:00:00,4474.95,4459.0,4459.0,4474.95,DayEnd,lower,4425.0,-15.949999999999818,-159.49999999999818,100781.14999999997
12,MFSL,2022-01-27 10:00:00,2022-01-27 09:45:00,884.8,878.0,2022-01-27 09:45:00,2022-01-27 10:00:00,884.8,878.0,878.0,884.8,StopLoss,lower,878.0,-6.7999999999999545,-496.3999999999967,100336.49999999997
13,INDIAMART,2022-01-27 15:00:00,2022-01-27 10:30:00,4531.0,4371.3,2022-01-27 10:30:00,2022-01-27 15:00:00,4531.0,4582.95,4582.95,4531.0,DayEnd,lower,4371.3,51.94999999999982,155.84999999999945,100336.49999999997
14,GODREJPROP,2022-01-27 15:00:00,2022-01-27 10:15:00,1560.95,1548.0,2022-01-27 10:15:00,2022-01-27 15:00:00,1560.95,1614.9,1614.9,1560.95,DayEnd,lower,1548.0,53.950000000000045,2050.1000000000017,100336.49999999997
15,PEL,2022-01-27 15:00:00,2022-01-27 10:15:00,2280.2,2262.3,2022-01-27 10:15:00,2022-01-27 15:00:00,2280.2,2302.8,2302.8,2280.2,DayEnd,lower,2262.3,22.600000000000364,632.8000000000102,100336.49999999997
16,INDHOTEL,2022-01-31 09:45:00,2022-01-31 11:00:00,215.9,213.3,2022-01-31 09:45:00,2022-01-31 11:00:00,213.3,215.9,213.3,215.9,StopLoss,upper,215.9,-2.5999999999999943,-512.1999999999989,102678.84999999999
17,TATACONSUM,2022-02-03 09:45:00,2022-02-03 15:00:00,761.2,748.2,2022-02-03 09:45:00,2022-02-03 15:00:00,748.2,741.45,748.2,741.45,DayEnd,upper,761.2,6.75,263.25,102166.65
18,VEDL,2022-02-04 10:15:00,2022-02-04 11:15:00,359.75,356.8,2022-02-04 10:15:00,2022-02-04 11:15:00,356.8,359.75,356.8,359.75,StopLoss,upper,359.75,-2.9499999999999886,-510.34999999999803,102429.9
19,HINDCOPPER,2022-02-04 10:00:00,2022-02-04 10:30:00,134.2,133.15,2022-02-04 10:00:00,2022-02-04 10:30:00,133.15,134.2,133.15,134.2,StopLoss,upper,134.2,-1.049999999999983,-511.3499999999917,102429.9
20,NATIONALUM,2022-02-04 10:00:00,2022-02-04 15:00:00,121.5,120.55,2022-02-04 10:00:00,2022-02-04 15:00:00,120.55,117.75,120.55,117.75,DayEnd,upper,121.5,2.799999999999997,1509.1999999999985,102429.9
21,VEDL,2022-02-07 10:30:00,2022-02-07 15:00:00,371.0,368.4,2022-02-07 10:30:00,2022-02-07 15:00:00,368.4,363.9,368.4,363.9,DayEnd,upper,371.0,4.5,886.5,102917.40000000001
22,ENDURANCE,2022-02-09 11:30:00,2022-02-09 09:45:00,1467.95,1448.0,2022-02-09 09:45:00,2022-02-09 11:30:00,1467.95,1448.0,1448.0,1467.95,StopLoss,lower,1448.0,-19.95000000000005,-518.7000000000013,103803.90000000001
23,GODREJCP,2022-02-09 10:30:00,2022-02-09 10:00:00,855.45,850.3,2022-02-09 10:00:00,2022-02-09 10:30:00,855.45,850.3,850.3,855.45,StopLoss,lower,850.3,-5.150000000000091,-515.0000000000091,103803.90000000001
24,VEDL,2022-02-10 10:00:00,2022-02-10 15:00:00,384.35,382.45,2022-02-10 10:00:00,2022-02-10 15:00:00,382.45,378.0,382.45,378.0,DayEnd,upper,384.35,4.449999999999988,1201.4999999999966,102770.2
25,AJANTPHARM,2022-02-10 15:00:00,2022-02-10 10:00:00,1381.43,1370.0,2022-02-10 10:00:00,2022-02-10 15:00:00,1381.43,1382.17,1382.17,1381.43,DayEnd,lower,1370.0,0.7400000000000091,32.5600000000004,102770.2
26,SBILIFE,2022-02-10 15:00:00,2022-02-10 10:00:00,1114.45,1108.0,2022-02-10 10:00:00,2022-02-10 15:00:00,1114.45,1144.85,1144.85,1114.45,DayEnd,lower,1108.0,30.39999999999986,2401.599999999989,102770.2
27,ZEEL,2022-02-14 14:00:00,2022-02-14 10:00:00,255.25,251.0,2022-02-14 10:00:00,2022-02-14 14:00:00,255.25,251.0,251.0,255.25,StopLoss,lower,251.0,-4.25,-531.25,106405.85999999999
28,GODREJIND,2022-02-15 10:30:00,2022-02-15 10:15:00,538.0,535.0,2022-02-15 10:15:00,2022-02-15 10:30:00,538.0,535.0,535.0,538.0,StopLoss,lower,535.0,-3.0,-528.0,105874.60999999999
29,CROMPTON,2022-02-15 10:15:00,2022-02-15 10:00:00,359.8,357.95,2022-02-15 10:00:00,2022-02-15 10:15:00,359.8,357.95,357.95,359.8,StopLoss,lower,357.95,-1.8500000000000227,-529.1000000000065,105874.60999999999
30,MUTHOOTFIN,2022-02-17 15:00:00,2022-02-17 10:30:00,1318.8,1306.5,2022-02-17 10:30:00,2022-02-17 15:00:00,1318.8,1309.9,1309.9,1318.8,DayEnd,lower,1306.5,-8.899999999999864,-373.79999999999427,104817.50999999998
31,MANAPPURAM,2022-02-17 14:00:00,2022-02-17 10:00:00,123.55,122.3,2022-02-17 10:00:00,2022-02-17 14:00:00,123.55,122.3,122.3,123.55,StopLoss,lower,122.3,-1.25,-523.75,104817.50999999998
32,DHANI,2022-02-22 12:30:00,2022-02-22 09:45:00,84.9,82.75,2022-02-22 09:45:00,2022-02-22 12:30:00,84.9,82.75,82.75,84.9,StopLoss,lower,82.75,-2.1500000000000057,-518.1500000000013,103919.95999999999
33,HINDCOPPER,2022-02-22 12:45:00,2022-02-22 10:00:00,113.5,112.6,2022-02-22 10:00:00,2022-02-22 12:45:00,113.5,112.6,112.6,113.5,StopLoss,lower,112.6,-0.9000000000000057,-519.3000000000033,103919.95999999999
34,DEEPAKNTR,2022-02-22 15:00:00,2022-02-22 09:45:00,1966.85,1922.25,2022-02-22 09:45:00,2022-02-22 15:00:00,1966.85,1974.0,1974.0,1966.85,DayEnd,lower,1922.25,7.150000000000091,78.650000000001,103919.95999999999
35,PEL,2022-02-22 15:00:00,2022-02-22 09:45:00,2041.9,1996.65,2022-02-22 09:45:00,2022-02-22 15:00:00,2041.9,2046.0,2046.0,2041.9,DayEnd,lower,1996.65,4.099999999999909,45.099999999999,103919.95999999999
36,APOLLOTYRE,2022-02-22 12:45:00,2022-02-22 10:00:00,197.35,196.15,2022-02-22 10:00:00,2022-02-22 12:45:00,197.35,196.15,196.15,197.35,StopLoss,lower,196.15,-1.1999999999999886,-518.3999999999951,103919.95999999999
37,ZEEL,2022-02-24 10:45:00,2022-02-24 10:00:00,231.8,229.5,2022-02-24 10:00:00,2022-02-24 10:45:00,231.8,229.5,229.5,231.8,StopLoss,lower,229.5,-2.300000000000012,-510.60000000000264,102487.85999999999
38,HINDZINC,2022-03-03 09:45:00,2022-03-03 15:00:00,360.0,356.35,2022-03-03 09:45:00,2022-03-03 15:00:00,356.35,346.6,356.35,346.6,DayEnd,upper,360.0,9.75,1355.25,101977.25999999998
39,HINDCOPPER,2022-03-03 10:00:00,2022-03-03 14:15:00,124.95,123.8,2022-03-03 10:00:00,2022-03-03 14:15:00,123.8,124.95,123.8,124.95,StopLoss,upper,124.95,-1.1500000000000057,-509.45000000000255,101977.25999999998
40,ADANITRANS,2022-03-04 09:45:00,2022-03-04 15:00:00,2432.2,2381.95,2022-03-04 09:45:00,2022-03-04 15:00:00,2381.95,2329.3,2381.95,2329.3,DayEnd,upper,2432.2,52.649999999999636,526.4999999999964,102823.05999999998
41,GUJGASLTD,2022-03-04 10:30:00,2022-03-04 09:45:00,512.6,503.7,2022-03-04 09:45:00,2022-03-04 10:30:00,512.6,503.7,503.7,512.6,StopLoss,lower,503.7,-8.900000000000034,-507.30000000000194,102823.05999999998
42,UPL,2022-03-04 10:00:00,2022-03-04 15:00:00,735.9,726.5,2022-03-04 10:00:00,2022-03-04 15:00:00,726.5,715.95,726.5,715.95,DayEnd,upper,735.9,10.549999999999956,569.6999999999977,102823.05999999998
43,ATGL,2022-03-04 10:00:00,2022-03-04 15:00:00,1816.0,1775.0,2022-03-04 10:00:00,2022-03-04 15:00:00,1775.0,1796.9,1775.0,1796.9,DayEnd,upper,1816.0,-21.90000000000009,-262.8000000000011,102823.05999999998
44,JUBLFOOD,2022-03-04 10:30:00,2022-03-04 10:00:00,540.42,536.96,2022-03-04 10:00:00,2022-03-04 10:30:00,540.42,536.96,536.96,540.42,StopLoss,lower,536.96,-3.4599999999999227,-512.0799999999886,102823.05999999998
45,MARUTI,2022-03-08 10:30:00,2022-03-08 10:00:00,6682.6,6604.0,2022-03-08 10:00:00,2022-03-08 10:30:00,6682.6,6604.0,6604.0,6682.6,StopLoss,lower,6604.0,-78.60000000000036,-471.6000000000022,102637.07999999999
46,ASHOKLEY,2022-03-08 10:15:00,2022-03-08 10:00:00,98.6,97.75,2022-03-08 10:00:00,2022-03-08 10:15:00,98.6,97.75,97.75,98.6,StopLoss,lower,97.75,-0.8499999999999943,-512.5499999999965,102637.07999999999
47,BANDHANBNK,2022-03-08 10:45:00,2022-03-08 10:00:00,257.0,252.9,2022-03-08 10:00:00,2022-03-08 10:45:00,257.0,252.9,252.9,257.0,StopLoss,lower,252.9,-4.099999999999993,-512.4999999999992,102637.07999999999
48,VEDL,2022-03-09 15:00:00,2022-03-09 09:45:00,373.95,368.75,2022-03-09 09:45:00,2022-03-09 15:00:00,373.95,373.75,373.75,373.95,DayEnd,lower,368.75,-0.19999999999998866,-19.3999999999989,101140.43
49,NATIONALUM,2022-03-09 15:00:00,2022-03-09 09:45:00,122.0,120.45,2022-03-09 09:45:00,2022-03-09 15:00:00,122.0,122.75,122.75,122.0,DayEnd,lower,120.45,0.75,244.5,101140.43
50,EXIDEIND,2022-03-11 09:45:00,2022-03-11 15:00:00,155.6,154.25,2022-03-11 09:45:00,2022-03-11 15:00:00,154.25,153.5,154.25,153.5,DayEnd,upper,155.6,0.75,281.25,101365.53
51,MANAPPURAM,2022-03-14 10:15:00,2022-03-14 10:00:00,114.1,113.6,2022-03-14 10:00:00,2022-03-14 10:15:00,114.1,113.6,113.6,114.1,StopLoss,lower,113.6,-0.5,-508.0,101646.78
52,CIPLA,2022-03-15 10:15:00,2022-03-15 15:00:00,1081.5,1063.15,2022-03-15 10:15:00,2022-03-15 15:00:00,1063.15,1066.1,1063.15,1066.1,DayEnd,upper,1081.5,-2.949999999999818,-79.64999999999509,101138.78
53,OIL,2022-03-15 11:30:00,2022-03-15 10:00:00,226.35,225.6,2022-03-15 10:00:00,2022-03-15 11:30:00,226.35,225.6,225.6,226.35,StopLoss,lower,225.6,-0.75,-505.5,101138.78
54,CHOLAFIN,2022-03-16 09:45:00,2022-03-16 15:00:00,713.5,706.35,2022-03-16 09:45:00,2022-03-16 15:00:00,706.35,699.25,706.35,699.25,DayEnd,upper,713.5,7.100000000000023,497.0000000000016,100553.63
55,MCDOWELL-N,2022-03-17 10:30:00,2022-03-17 13:45:00,913.0,908.7,2022-03-17 10:30:00,2022-03-17 13:45:00,908.7,913.0,908.7,913.0,StopLoss,upper,913.0,-4.2999999999999545,-503.0999999999947,101050.63
56,VEDL,2022-03-22 09:45:00,2022-03-22 15:00:00,414.7,410.9,2022-03-22 09:45:00,2022-03-22 15:00:00,410.9,405.0,410.9,405.0,DayEnd,upper,414.7,5.899999999999977,778.799999999997,100547.53000000001
57,ONGC,2022-03-22 10:00:00,2022-03-22 15:00:00,180.1,179.0,2022-03-22 10:00:00,2022-03-22 15:00:00,179.0,175.35,179.0,175.35,DayEnd,upper,180.1,3.6500000000000057,1668.0500000000027,100547.53000000001
58,NAUKRI,2022-03-28 10:30:00,2022-03-28 09:45:00,4424.35,4375.0,2022-03-28 09:45:00,2022-03-28 10:30:00,4424.35,4375.0,4375.0,4424.35,StopLoss,lower,4375.0,-49.35000000000037,-493.5000000000037,102994.38000000002
59,SAIL,2022-03-30 10:15:00,2022-03-30 10:00:00,97.8,97.45,2022-03-30 10:00:00,2022-03-30 10:15:00,97.8,97.45,97.45,97.8,StopLoss,lower,97.45,-0.3499999999999943,-512.3999999999917,102500.88000000002
60,HDFC,2022-04-04 10:30:00,2022-04-04 15:00:00,2838.4,2765.55,2022-04-04 10:30:00,2022-04-04 15:00:00,2765.55,2680.95,2765.55,2680.95,DayEnd,upper,2838.4,84.60000000000036,507.6000000000022,101988.48000000003
61,GODREJIND,2022-04-05 10:00:00,2022-04-05 11:45:00,487.8,486.15,2022-04-05 10:00:00,2022-04-05 11:45:00,486.15,487.8,486.15,487.8,StopLoss,upper,487.8,-1.6500000000000343,-511.50000000001063,102496.08000000003
62,ATGL,2022-04-06 10:00:00,2022-04-06 15:00:00,2552.95,2527.0,2022-04-06 10:00:00,2022-04-06 15:00:00,2527.0,2506.5,2527.0,2506.5,DayEnd,upper,2552.95,20.5,389.5,101984.58000000002
63,TATAPOWER,2022-04-06 09:45:00,2022-04-06 11:00:00,285.75,282.1,2022-04-06 09:45:00,2022-04-06 11:00:00,282.1,285.75,282.1,285.75,StopLoss,upper,285.75,-3.649999999999977,-507.3499999999968,101984.58000000002
64,ATGL,2022-04-07 10:00:00,2022-04-07 11:00:00,2592.0,2585.0,2022-04-07 10:00:00,2022-04-07 11:00:00,2585.0,2592.0,2585.0,2592.0,StopLoss,upper,2592.0,-7.0,-504.0,101866.73000000003
65,ADANIENT,2022-04-07 10:00:00,2022-04-07 15:00:00,2206.05,2192.9,2022-04-07 10:00:00,2022-04-07 15:00:00,2192.9,2104.5,2192.9,2104.5,DayEnd,upper,2206.05,88.40000000000009,3359.2000000000035,101866.73000000003
66,GSPL,2022-04-07 10:00:00,2022-04-07 11:45:00,291.15,288.35,2022-04-07 10:00:00,2022-04-07 11:45:00,288.35,291.15,288.35,291.15,StopLoss,upper,291.15,-2.7999999999999545,-506.79999999999177,101866.73000000003
67,HAL,2022-04-11 10:15:00,2022-04-11 15:00:00,1692.85,1678.9,2022-04-11 10:15:00,2022-04-11 15:00:00,1678.9,1680.9,1678.9,1680.9,DayEnd,upper,1692.85,-2.0,-74.0,104215.13000000003
68,BEL,2022-04-11 10:15:00,2022-04-11 15:00:00,82.55,81.82,2022-04-11 10:15:00,2022-04-11 15:00:00,81.82,81.27,81.82,81.27,DayEnd,upper,82.55,0.5499999999999972,392.149999999998,104215.13000000003
69,TATAELXSI,2022-04-18 12:00:00,2022-04-18 10:15:00,7999.85,7965.05,2022-04-18 10:15:00,2022-04-18 12:00:00,7999.85,7965.05,7965.05,7999.85,StopLoss,lower,7965.05,-34.80000000000018,-522.0000000000027,104533.28000000003
70,MPHASIS,2022-04-18 10:45:00,2022-04-18 10:30:00,2867.35,2855.1,2022-04-18 10:30:00,2022-04-18 10:45:00,2867.35,2855.1,2855.1,2867.35,StopLoss,lower,2855.1,-12.25,-514.5,104533.28000000003
71,BAJAJHLDNG,2022-04-18 11:00:00,2022-04-18 10:30:00,5297.9,5252.0,2022-04-18 10:30:00,2022-04-18 11:00:00,5297.9,5252.0,5252.0,5297.9,StopLoss,lower,5252.0,-45.899999999999636,-504.899999999996,104533.28000000003
72,GAIL,2022-04-19 09:45:00,2022-04-19 11:00:00,115.47,114.0,2022-04-19 09:45:00,2022-04-19 11:00:00,114.0,115.47,114.0,115.47,StopLoss,upper,115.47,-1.4699999999999989,-514.4999999999995,102991.88000000003
73,LTIM,2022-04-21 15:00:00,2022-04-21 10:00:00,5047.75,4991.2,2022-04-21 10:00:00,2022-04-21 15:00:00,5047.75,5068.55,5068.55,5047.75,DayEnd,lower,4991.2,20.800000000000182,187.20000000000164,102477.38000000003
74,POLYCAB,2022-04-22 09:45:00,2022-04-22 10:45:00,2809.9,2791.0,2022-04-22 09:45:00,2022-04-22 10:45:00,2791.0,2809.9,2791.0,2809.9,StopLoss,upper,2809.9,-18.90000000000009,-510.30000000000246,102664.58000000003
75,NATIONALUM,2022-04-22 12:15:00,2022-04-22 10:30:00,116.3,115.7,2022-04-22 10:30:00,2022-04-22 12:15:00,116.3,115.7,115.7,116.3,StopLoss,lower,115.7,-0.5999999999999943,-512.9999999999951,102664.58000000003
76,ACC,2022-04-25 09:45:00,2022-04-25 15:00:00,2314.55,2285.05,2022-04-25 09:45:00,2022-04-25 15:00:00,2285.05,2269.45,2285.05,2269.45,DayEnd,upper,2314.55,15.600000000000366,265.20000000000624,101641.28000000003
77,NATIONALUM,2022-04-25 10:30:00,2022-04-25 10:00:00,111.2,109.65,2022-04-25 10:00:00,2022-04-25 10:30:00,111.2,109.65,109.65,111.2,StopLoss,lower,109.65,-1.5499999999999972,-506.84999999999906,101641.28000000003
78,DHANI,2022-04-28 11:15:00,2022-04-28 10:45:00,55.75,55.3,2022-04-28 10:45:00,2022-04-28 11:15:00,55.75,55.3,55.3,55.75,StopLoss,lower,55.3,-0.4500000000000029,-506.7000000000033,101399.63000000003
79,TATACOMM,2022-05-02 15:00:00,2022-05-02 10:30:00,1069.5,1060.9,2022-05-02 10:30:00,2022-05-02 15:00:00,1069.5,1083.45,1083.45,1069.5,DayEnd,lower,1060.9,13.950000000000045,809.1000000000026,100892.93000000004
80,JSWENERGY,2022-05-02 10:45:00,2022-05-02 10:00:00,312.5,308.35,2022-05-02 10:00:00,2022-05-02 10:45:00,312.5,308.35,308.35,312.5,StopLoss,lower,308.35,-4.149999999999976,-502.14999999999714,100892.93000000004
81,INDHOTEL,2022-05-04 09:45:00,2022-05-04 15:00:00,268.2,266.25,2022-05-04 09:45:00,2022-05-04 15:00:00,266.25,255.9,266.25,255.9,DayEnd,upper,268.2,10.349999999999994,2680.6499999999987,101199.88000000005
82,APOLLOHOSP,2022-05-04 11:45:00,2022-05-04 10:30:00,4127.4,4100.1,2022-05-04 10:30:00,2022-05-04 11:45:00,4127.4,4100.1,4100.1,4127.4,StopLoss,lower,4100.1,-27.29999999999927,-491.39999999998685,101199.88000000005
83,TITAN,2022-05-04 10:00:00,2022-05-04 09:45:00,2340.45,2322.0,2022-05-04 09:45:00,2022-05-04 10:00:00,2340.45,2322.0,2322.0,2340.45,StopLoss,lower,2322.0,-18.449999999999818,-498.1499999999951,101199.88000000005
84,HAVELLS,2022-05-05 15:00:00,2022-05-05 09:45:00,1266.4,1237.55,2022-05-05 09:45:00,2022-05-05 15:00:00,1266.4,1251.45,1251.45,1266.4,DayEnd,lower,1237.55,-14.950000000000045,-254.15000000000077,102890.98000000007
85,VOLTAS,2022-05-06 15:00:00,2022-05-06 10:15:00,1068.55,1057.0,2022-05-06 10:15:00,2022-05-06 15:00:00,1068.55,1067.95,1067.95,1068.55,DayEnd,lower,1057.0,-0.5999999999999089,-26.399999999995995,102636.83000000007
86,HINDCOPPER,2022-05-09 10:15:00,2022-05-09 10:00:00,100.05,99.5,2022-05-09 10:00:00,2022-05-09 10:15:00,100.05,99.5,99.5,100.05,StopLoss,lower,99.5,-0.5499999999999972,-512.5999999999974,102610.43000000008
87,VOLTAS,2022-05-10 11:15:00,2022-05-10 10:15:00,1003.4,994.0,2022-05-10 10:15:00,2022-05-10 11:15:00,1003.4,994.0,994.0,1003.4,StopLoss,lower,994.0,-9.399999999999975,-507.59999999999866,102097.83000000009
88,AJANTPHARM,2022-05-11 15:00:00,2022-05-11 09:45:00,1074.0,1061.77,2022-05-11 09:45:00,2022-05-11 15:00:00,1074.0,1120.07,1120.07,1074.0,DayEnd,lower,1061.77,46.069999999999936,1888.8699999999974,101590.23000000008
89,ISEC,2022-05-11 10:15:00,2022-05-11 09:45:00,477.9,472.05,2022-05-11 09:45:00,2022-05-11 10:15:00,477.9,472.05,472.05,477.9,StopLoss,lower,472.05,-5.849999999999965,-503.099999999997,101590.23000000008
90,NATCOPHARM,2022-05-11 15:00:00,2022-05-11 10:00:00,686.8,675.25,2022-05-11 10:00:00,2022-05-11 15:00:00,686.8,680.0,680.0,686.8,DayEnd,lower,675.25,-6.7999999999999545,-292.39999999999804,101590.23000000008
91,DMART,2022-05-11 10:30:00,2022-05-11 10:15:00,3386.7,3360.0,2022-05-11 10:15:00,2022-05-11 10:30:00,3386.7,3360.0,3360.0,3386.7,StopLoss,lower,3360.0,-26.699999999999815,-507.2999999999965,101590.23000000008
92,ADANITRANS,2022-05-12 10:30:00,2022-05-12 10:15:00,2198.8,2165.6,2022-05-12 10:15:00,2022-05-12 10:30:00,2198.8,2165.6,2165.6,2198.8,StopLoss,lower,2165.6,-33.20000000000027,-498.0000000000041,102176.30000000009
93,DHANI,2022-05-12 12:45:00,2022-05-12 10:15:00,40.85,40.0,2022-05-12 10:15:00,2022-05-12 12:45:00,40.85,40.0,40.0,40.85,StopLoss,lower,40.0,-0.8500000000000014,-510.8500000000009,102176.30000000009
94,PEL,2022-05-12 11:15:00,2022-05-12 09:45:00,1807.65,1796.95,2022-05-12 09:45:00,2022-05-12 11:15:00,1807.65,1796.95,1796.95,1807.65,StopLoss,lower,1796.95,-10.700000000000044,-502.9000000000021,102176.30000000009
95,EICHERMOT,2022-05-16 10:15:00,2022-05-16 12:15:00,2588.75,2570.05,2022-05-16 10:15:00,2022-05-16 12:15:00,2570.05,2588.75,2570.05,2588.75,StopLoss,upper,2588.75,-18.699999999999818,-486.19999999999527,100664.55000000009
96,SHREECEM,2022-05-16 11:30:00,2022-05-16 09:45:00,22159.95,21877.05,2022-05-16 09:45:00,2022-05-16 11:30:00,22159.95,21877.05,21877.05,22159.95,StopLoss,lower,21877.05,-282.90000000000146,-282.90000000000146,100664.55000000009
97,AUROPHARMA,2022-05-16 10:15:00,2022-05-16 09:45:00,551.2,547.6,2022-05-16 09:45:00,2022-05-16 10:15:00,551.2,547.6,547.6,551.2,StopLoss,lower,547.6,-3.6000000000000227,-500.40000000000316,100664.55000000009
98,AUROPHARMA,2022-05-17 10:45:00,2022-05-17 10:15:00,545.8,542.3,2022-05-17 10:15:00,2022-05-17 10:45:00,545.8,542.3,542.3,545.8,StopLoss,lower,542.3,-3.5,-493.5,99395.05000000009
99,LUPIN,2022-05-19 15:00:00,2022-05-19 10:15:00,632.55,624.25,2022-05-19 10:15:00,2022-05-19 15:00:00,632.55,634.95,634.95,632.55,DayEnd,lower,624.25,2.400000000000091,141.60000000000537,98901.55000000009
100,LALPATHLAB,2022-05-19 12:15:00,2022-05-19 10:00:00,1968.35,1936.05,2022-05-19 10:00:00,2022-05-19 12:15:00,1968.35,1936.05,1936.05,1968.35,StopLoss,lower,1936.05,-32.299999999999955,-484.4999999999993,98901.55000000009
101,HEROMOTOCO,2022-05-23 10:15:00,2022-05-23 15:00:00,2676.65,2660.0,2022-05-23 10:15:00,2022-05-23 15:00:00,2660.0,2643.0,2660.0,2643.0,DayEnd,upper,2676.65,17.0,493.0,98558.6500000001
102,ISEC,2022-05-24 13:00:00,2022-05-24 10:15:00,448.4,444.4,2022-05-24 10:15:00,2022-05-24 13:00:00,448.4,444.4,444.4,448.4,StopLoss,lower,444.4,-4.0,-492.0,99051.6500000001
103,DIVISLAB,2022-05-26 10:30:00,2022-05-26 10:00:00,3438.55,3410.3,2022-05-26 10:00:00,2022-05-26 10:30:00,3438.55,3410.3,3410.3,3438.55,StopLoss,lower,3410.3,-28.25,-480.25,98559.6500000001
104,IPCALAB,2022-05-26 14:45:00,2022-05-26 09:45:00,926.0,908.7,2022-05-26 09:45:00,2022-05-26 14:45:00,926.0,908.7,908.7,926.0,StopLoss,lower,908.7,-17.299999999999955,-484.3999999999987,98559.6500000001
105,ADANIPORTS,2022-05-26 15:00:00,2022-05-26 10:30:00,677.0,668.15,2022-05-26 10:30:00,2022-05-26 15:00:00,677.0,698.6,698.6,677.0,DayEnd,lower,668.15,21.600000000000023,1188.0000000000014,98559.6500000001
106,DIXON,2022-05-31 09:45:00,2022-05-31 15:00:00,3966.0,3891.65,2022-05-31 09:45:00,2022-05-31 15:00:00,3891.65,3864.0,3891.65,3864.0,DayEnd,upper,3966.0,27.65000000000009,165.90000000000055,98783.0000000001
107,ADANITRANS,2022-06-01 13:30:00,2022-06-01 10:00:00,1985.75,1960.2,2022-06-01 10:00:00,2022-06-01 13:30:00,1985.75,1960.2,1960.2,1985.75,StopLoss,lower,1960.2,-25.54999999999995,-485.4499999999991,98948.9000000001
108,NAUKRI,2022-06-06 10:30:00,2022-06-06 09:45:00,3755.2,3702.3,2022-06-06 09:45:00,2022-06-06 10:30:00,3755.2,3702.3,3702.3,3755.2,StopLoss,lower,3702.3,-52.899999999999636,-476.0999999999967,98463.4500000001
109,ICICIGI,2022-06-07 10:45:00,2022-06-07 09:45:00,1172.6,1165.0,2022-06-07 09:45:00,2022-06-07 10:45:00,1172.6,1165.0,1165.0,1172.6,StopLoss,lower,1165.0,-7.599999999999909,-486.3999999999942,97987.35000000011
110,NAUKRI,2022-06-07 10:15:00,2022-06-07 10:00:00,3634.0,3607.0,2022-06-07 10:00:00,2022-06-07 10:15:00,3634.0,3607.0,3607.0,3634.0,StopLoss,lower,3607.0,-27.0,-486.0,97987.35000000011
111,GUJGASLTD,2022-06-08 10:15:00,2022-06-08 09:45:00,502.0,497.25,2022-06-08 09:45:00,2022-06-08 10:15:00,502.0,497.25,497.25,502.0,StopLoss,lower,497.25,-4.75,-484.5,97014.95000000011
112,DEEPAKNTR,2022-06-08 11:30:00,2022-06-08 10:00:00,1832.95,1812.3,2022-06-08 10:00:00,2022-06-08 11:30:00,1832.95,1812.3,1812.3,1832.95,StopLoss,lower,1812.3,-20.65000000000009,-474.9500000000021,97014.95000000011
113,POLYCAB,2022-06-08 11:15:00,2022-06-08 10:00:00,2360.9,2324.05,2022-06-08 10:00:00,2022-06-08 11:15:00,2360.9,2324.05,2324.05,2360.9,StopLoss,lower,2324.05,-36.8499999999999,-479.0499999999987,97014.95000000011
114,VOLTAS,2022-06-08 15:00:00,2022-06-08 10:00:00,990.75,973.4,2022-06-08 10:00:00,2022-06-08 15:00:00,990.75,990.6,990.6,990.75,DayEnd,lower,973.4,-0.14999999999997726,-4.049999999999386,97014.95000000011
115,ONGC,2022-06-09 10:15:00,2022-06-09 15:00:00,167.05,166.65,2022-06-09 10:15:00,2022-06-09 15:00:00,166.65,165.6,166.65,165.6,DayEnd,upper,167.05,1.0500000000000114,1253.7000000000135,95572.40000000011
116,DEEPAKNTR,2022-06-09 15:00:00,2022-06-09 10:15:00,1773.45,1749.05,2022-06-09 10:15:00,2022-06-09 15:00:00,1773.45,1777.85,1777.85,1773.45,DayEnd,lower,1749.05,4.399999999999864,83.59999999999741,95572.40000000011
117,BERGEPAINT,2022-06-09 15:00:00,2022-06-09 10:15:00,569.5,565.25,2022-06-09 10:15:00,2022-06-09 15:00:00,569.5,578.5,578.5,569.5,DayEnd,lower,565.25,9.0,1008.0,95572.40000000011
118,ADANITRANS,2022-06-13 10:30:00,2022-06-13 15:00:00,2123.65,2104.55,2022-06-13 10:30:00,2022-06-13 15:00:00,2104.55,2080.05,2104.55,2080.05,DayEnd,upper,2123.65,24.5,612.5,97917.70000000013
119,LICHSGFIN,2022-06-13 13:45:00,2022-06-13 10:00:00,321.4,318.55,2022-06-13 10:00:00,2022-06-13 13:45:00,321.4,318.55,318.55,321.4,StopLoss,lower,318.55,-2.849999999999966,-487.34999999999417,97917.70000000013
120,NATIONALUM,2022-06-14 10:00:00,2022-06-14 09:45:00,85.05,84.3,2022-06-14 09:45:00,2022-06-14 10:00:00,85.05,84.3,84.3,85.05,StopLoss,lower,84.3,-0.75,-489.75,98042.85000000014
121,BPCL,2022-06-15 10:15:00,2022-06-15 10:00:00,310.05,309.45,2022-06-15 10:00:00,2022-06-15 10:15:00,310.05,309.45,309.45,310.05,StopLoss,lower,309.45,-0.6000000000000227,-487.20000000001846,97553.10000000014
122,APOLLOTYRE,2022-06-16 10:45:00,2022-06-16 10:00:00,184.8,182.4,2022-06-16 10:00:00,2022-06-16 10:45:00,184.8,182.4,182.4,184.8,StopLoss,lower,182.4,-2.4000000000000057,-484.80000000000115,97065.90000000013
123,DHANI,2022-06-17 10:45:00,2022-06-17 10:30:00,36.35,36.2,2022-06-17 10:30:00,2022-06-17 10:45:00,36.35,36.2,36.2,36.35,StopLoss,lower,36.2,-0.14999999999999858,-482.8499999999954,96581.10000000012
124,PETRONET,2022-06-17 13:45:00,2022-06-17 10:30:00,205.15,202.5,2022-06-17 10:30:00,2022-06-17 13:45:00,205.15,202.5,202.5,205.15,StopLoss,lower,202.5,-2.6500000000000057,-482.30000000000103,96581.10000000012
125,GLAND,2022-06-17 12:30:00,2022-06-17 09:45:00,2622.5,2606.1,2022-06-17 09:45:00,2022-06-17 12:30:00,2622.5,2606.1,2606.1,2622.5,StopLoss,lower,2606.1,-16.40000000000009,-475.60000000000264,96581.10000000012
126,ATGL,2022-06-20 13:00:00,2022-06-20 10:00:00,2068.8,2010.8,2022-06-20 10:00:00,2022-06-20 13:00:00,2068.8,2010.8,2010.8,2068.8,StopLoss,lower,2010.8,-58.00000000000023,-464.0000000000018,95140.35000000012
127,DHANI,2022-06-21 10:45:00,2022-06-21 09:45:00,34.0,33.3,2022-06-21 09:45:00,2022-06-21 10:45:00,34.0,33.3,33.3,34.0,StopLoss,lower,33.3,-0.7000000000000028,-473.2000000000019,94676.35000000012
128,INDIAMART,2022-06-29 13:00:00,2022-06-29 10:00:00,3930.0,3913.0,2022-06-29 10:00:00,2022-06-29 13:00:00,3930.0,3913.0,3913.0,3930.0,StopLoss,lower,3913.0,-17.0,-459.0,94203.15000000013
129,OIL,2022-07-05 13:00:00,2022-07-05 10:00:00,195.4,194.1,2022-07-05 10:00:00,2022-07-05 13:00:00,195.4,194.1,194.1,195.4,StopLoss,lower,194.1,-1.3000000000000114,-468.0000000000041,93744.15000000013
130,CONCOR,2022-07-06 09:45:00,2022-07-06 10:45:00,646.9,632.9,2022-07-06 09:45:00,2022-07-06 10:45:00,632.9,646.9,632.9,646.9,StopLoss,upper,646.9,-14.0,-462.0,93276.15000000013
131,PGHH,2022-07-07 10:00:00,2022-07-07 11:00:00,14344.15,14301.05,2022-07-07 10:00:00,2022-07-07 11:00:00,14301.05,14344.15,14301.05,14344.15,StopLoss,upper,14344.15,-43.10000000000037,-431.0000000000037,92814.15000000013
132,INDHOTEL,2022-07-07 10:00:00,2022-07-07 10:45:00,244.75,243.95,2022-07-07 10:00:00,2022-07-07 10:45:00,243.95,244.75,243.95,244.75,StopLoss,upper,244.75,-0.8000000000000114,-464.0000000000066,92814.15000000013
133,ABFRL,2022-07-11 10:00:00,2022-07-11 10:30:00,257.55,256.25,2022-07-11 10:00:00,2022-07-11 10:30:00,256.25,257.55,256.25,257.55,StopLoss,upper,257.55,-1.3000000000000114,-458.900000000004,91919.15000000011
134,LALPATHLAB,2022-07-13 13:00:00,2022-07-13 11:00:00,2041.5,2022.55,2022-07-13 11:00:00,2022-07-13 13:00:00,2041.5,2022.55,2022.55,2041.5,StopLoss,lower,2022.55,-18.95000000000005,-454.8000000000012,91460.2500000001
135,MUTHOOTFIN,2022-07-14 14:00:00,2022-07-14 09:45:00,994.9,990.55,2022-07-14 09:45:00,2022-07-14 14:00:00,994.9,990.55,990.55,994.9,StopLoss,lower,990.55,-4.350000000000024,-452.4000000000025,91005.4500000001
136,DHANI,2022-07-15 10:30:00,2022-07-15 10:15:00,30.1,30.0,2022-07-15 10:15:00,2022-07-15 10:30:00,30.1,30.0,30.0,30.1,StopLoss,lower,30.0,-0.10000000000000142,-452.7000000000064,90553.05000000009
137,INDIAMART,2022-07-20 10:00:00,2022-07-20 15:00:00,4218.5,4185.0,2022-07-20 10:00:00,2022-07-20 15:00:00,4185.0,4157.0,4185.0,4157.0,DayEnd,upper,4218.5,28.0,364.0,90100.35000000008
138,PEL,2022-07-22 09:45:00,2022-07-22 15:00:00,1863.2,1847.65,2022-07-22 09:45:00,2022-07-22 15:00:00,1847.65,1838.25,1847.65,1838.25,DayEnd,upper,1863.2,9.400000000000091,272.60000000000264,90464.35000000008
139,DRREDDY,2022-07-26 10:15:00,2022-07-26 10:00:00,4249.0,4227.05,2022-07-26 10:00:00,2022-07-26 10:15:00,4249.0,4227.05,4227.05,4249.0,StopLoss,lower,4227.05,-21.949999999999815,-438.9999999999963,90736.95000000008
140,HINDZINC,2022-07-27 15:00:00,2022-07-27 09:45:00,262.7,260.85,2022-07-27 09:45:00,2022-07-27 15:00:00,262.7,262.8,262.8,262.7,DayEnd,lower,260.85,0.10000000000002274,24.400000000005548,90297.95000000008
141,DLF,2022-07-29 10:00:00,2022-07-29 10:45:00,391.5,388.95,2022-07-29 10:00:00,2022-07-29 10:45:00,388.95,391.5,388.95,391.5,StopLoss,upper,391.5,-2.550000000000012,-451.35000000000207,90322.3500000001
142,M_MFIN,2022-07-29 11:30:00,2022-07-29 10:00:00,191.55,189.15,2022-07-29 10:00:00,2022-07-29 11:30:00,191.55,189.15,189.15,191.55,StopLoss,lower,189.15,-2.4000000000000057,-451.20000000000107,90322.3500000001
143,CHOLAFIN,2022-08-01 11:00:00,2022-08-01 11:30:00,717.0,712.05,2022-08-01 11:00:00,2022-08-01 11:30:00,712.05,717.0,712.05,717.0,StopLoss,upper,717.0,-4.9500000000000455,-445.5000000000041,89419.80000000009
144,NATCOPHARM,2022-08-02 10:15:00,2022-08-02 10:45:00,724.45,721.6,2022-08-02 10:15:00,2022-08-02 10:45:00,721.6,724.45,721.6,724.45,StopLoss,upper,724.45,-2.8500000000000227,-444.60000000000355,88974.30000000009
145,PIDILITIND,2022-08-05 10:15:00,2022-08-05 15:00:00,2637.8,2617.5,2022-08-05 10:15:00,2022-08-05 15:00:00,2617.5,2637.8,2617.5,2637.8,StopLoss,upper,2637.8,-20.300000000000182,-426.3000000000038,88529.70000000008
146,GAIL,2022-08-05 10:45:00,2022-08-05 10:15:00,89.8,89.33,2022-08-05 10:15:00,2022-08-05 10:45:00,89.8,89.33,89.33,89.8,StopLoss,lower,89.33,-0.4699999999999989,-442.26999999999896,88529.70000000008
147,INDUSTOWER,2022-08-10 10:45:00,2022-08-10 10:15:00,194.35,193.6,2022-08-10 10:15:00,2022-08-10 10:45:00,194.35,193.6,193.6,194.35,StopLoss,lower,193.6,-0.75,-438.0,87661.13000000008
148,YESBANK,2022-08-12 10:15:00,2022-08-12 10:00:00,15.25,15.15,2022-08-12 10:00:00,2022-08-12 10:15:00,15.25,15.15,15.15,15.25,StopLoss,lower,15.15,-0.09999999999999963,-436.0999999999984,87223.13000000008
149,APOLLOTYRE,2022-08-17 10:00:00,2022-08-17 11:30:00,260.25,257.75,2022-08-17 10:00:00,2022-08-17 11:30:00,257.75,260.25,257.75,260.25,StopLoss,upper,260.25,-2.5,-432.5,86787.03000000009
150,SBICARD,2022-08-17 10:15:00,2022-08-17 15:00:00,1018.25,1013.5,2022-08-17 10:15:00,2022-08-17 15:00:00,1013.5,1003.0,1013.5,1003.0,DayEnd,upper,1018.25,10.5,955.5,86787.03000000009
151,TRENT,2022-08-18 10:00:00,2022-08-18 15:00:00,1518.3,1507.4,2022-08-18 10:00:00,2022-08-18 15:00:00,1507.4,1456.4,1507.4,1456.4,DayEnd,upper,1518.3,51.0,2040.0,87310.03000000009
152,HINDPETRO,2022-08-24 13:00:00,2022-08-24 10:00:00,238.45,238.0,2022-08-24 10:00:00,2022-08-24 13:00:00,238.45,238.0,238.0,238.45,StopLoss,lower,238.0,-0.44999999999998863,-446.3999999999887,89350.03000000009
153,NAUKRI,2022-08-26 10:00:00,2022-08-26 15:00:00,4624.9,4567.05,2022-08-26 10:00:00,2022-08-26 15:00:00,4567.05,4458.0,4567.05,4458.0,DayEnd,upper,4624.9,109.0500000000002,763.3500000000014,88903.63000000009
154,ESCORTS,2022-09-02 10:15:00,2022-09-02 11:15:00,2074.8,2057.3,2022-09-02 10:15:00,2022-09-02 11:15:00,2057.3,2074.8,2057.3,2074.8,StopLoss,upper,2074.8,-17.5,-437.5,89666.9800000001
155,PIDILITIND,2022-09-02 10:00:00,2022-09-02 15:00:00,2892.0,2879.3,2022-09-02 10:00:00,2022-09-02 15:00:00,2879.3,2865.4,2879.3,2865.4,DayEnd,upper,2892.0,13.900000000000093,486.50000000000324,89666.9800000001
156,LALPATHLAB,2022-09-05 12:15:00,2022-09-05 09:45:00,2407.95,2388.85,2022-09-05 09:45:00,2022-09-05 12:15:00,2407.95,2388.85,2388.85,2407.95,StopLoss,lower,2388.85,-19.09999999999991,-439.2999999999979,89715.9800000001
157,SHREECEM,2022-09-09 10:30:00,2022-09-09 15:00:00,25534.15,25323.3,2022-09-09 10:30:00,2022-09-09 15:00:00,25323.3,24509.0,25323.3,24509.0,DayEnd,upper,25534.15,814.2999999999993,1628.5999999999985,89276.6800000001
158,ADANIPORTS,2022-09-12 09:45:00,2022-09-12 12:00:00,934.7,927.2,2022-09-12 09:45:00,2022-09-12 12:00:00,927.2,934.7,927.2,934.7,StopLoss,upper,934.7,-7.5,-450.0,90905.28000000009
159,GLAND,2022-09-19 15:00:00,2022-09-19 09:45:00,2269.25,2232.7,2022-09-19 09:45:00,2022-09-19 15:00:00,2269.25,2242.55,2242.55,2269.25,DayEnd,lower,2232.7,-26.699999999999815,-320.39999999999776,90455.28000000009
160,LTTS,2022-09-19 11:00:00,2022-09-19 09:45:00,3410.0,3380.15,2022-09-19 09:45:00,2022-09-19 11:00:00,3410.0,3380.15,3380.15,3410.0,StopLoss,lower,3380.15,-29.84999999999991,-447.74999999999864,90455.28000000009
161,PRESTIGE,2022-09-22 10:15:00,2022-09-22 09:45:00,455.5,454.0,2022-09-22 09:45:00,2022-09-22 10:15:00,455.5,454.0,454.0,455.5,StopLoss,lower,454.0,-1.5,-447.0,89687.13000000009
162,APOLLOHOSP,2022-09-23 09:45:00,2022-09-23 15:00:00,4691.6,4630.5,2022-09-23 09:45:00,2022-09-23 15:00:00,4630.5,4464.0,4630.5,4464.0,DayEnd,upper,4691.6,166.5,1165.5,89240.13000000009
163,BPCL,2022-09-26 11:45:00,2022-09-26 10:45:00,310.35,308.15,2022-09-26 10:45:00,2022-09-26 11:45:00,310.35,308.15,308.15,310.35,StopLoss,lower,308.15,-2.200000000000045,-451.0000000000092,90405.63000000009
164,POWERGRID,2022-09-26 15:00:00,2022-09-26 09:45:00,192.35,186.35,2022-09-26 09:45:00,2022-09-26 15:00:00,192.35,205.4,205.4,192.35,DayEnd,lower,186.35,13.050000000000011,978.7500000000009,90405.63000000009
165,ASTRAL,2022-09-27 15:00:00,2022-09-27 10:15:00,2160.0,2135.0,2022-09-27 10:15:00,2022-09-27 15:00:00,2160.0,2177.5,2177.5,2160.0,DayEnd,lower,2135.0,17.5,315.0,90933.38000000008
166,GODREJPROP,2022-09-27 10:45:00,2022-09-27 10:30:00,1144.75,1135.1,2022-09-27 10:30:00,2022-09-27 10:45:00,1144.75,1135.1,1135.1,1144.75,StopLoss,lower,1135.1,-9.650000000000091,-453.5500000000043,90933.38000000008
167,BANDHANBNK,2022-09-28 15:00:00,2022-09-28 09:45:00,255.4,251.5,2022-09-28 09:45:00,2022-09-28 15:00:00,255.4,254.1,254.1,255.4,DayEnd,lower,251.5,-1.3000000000000114,-150.80000000000132,90794.83000000007
168,RBLBANK,2022-09-28 15:00:00,2022-09-28 09:45:00,110.8,108.65,2022-09-28 09:45:00,2022-09-28 15:00:00,110.8,111.5,111.5,110.8,DayEnd,lower,108.65,0.7000000000000028,147.7000000000006,90794.83000000007
169,PEL,2022-09-28 15:00:00,2022-09-28 09:45:00,864.0,850.35,2022-09-28 09:45:00,2022-09-28 15:00:00,864.0,851.9,851.9,864.0,DayEnd,lower,850.35,-12.100000000000026,-399.30000000000086,90794.83000000007
170,HEROMOTOCO,2022-09-29 13:15:00,2022-09-29 09:45:00,2568.0,2555.8,2022-09-29 09:45:00,2022-09-29 13:15:00,2568.0,2555.8,2555.8,2568.0,StopLoss,lower,2555.8,-12.199999999999818,-451.39999999999327,90392.43000000007
171,APOLLOHOSP,2022-10-03 10:00:00,2022-10-03 15:00:00,4464.25,4427.55,2022-10-03 10:00:00,2022-10-03 15:00:00,4427.55,4387.9,4427.55,4387.9,DayEnd,upper,4464.25,39.650000000000546,475.80000000000655,89941.03000000007
172,GLENMARK,2022-10-03 10:00:00,2022-10-03 15:00:00,405.0,400.4,2022-10-03 10:00:00,2022-10-03 15:00:00,400.4,399.5,400.4,399.5,DayEnd,upper,405.0,0.8999999999999773,87.2999999999978,89941.03000000007
173,NAVINFLUOR,2022-10-18 10:00:00,2022-10-18 09:45:00,4385.0,4330.55,2022-10-18 09:45:00,2022-10-18 10:00:00,4385.0,4330.55,4330.55,4385.0,StopLoss,lower,4330.55,-54.44999999999982,-435.59999999999854,90504.13000000008
174,SONACOMS,2022-10-20 10:00:00,2022-10-20 15:00:00,494.15,483.35,2022-10-20 10:00:00,2022-10-20 15:00:00,483.35,484.2,483.35,484.2,DayEnd,upper,494.15,-0.8499999999999659,-34.8499999999986,90068.53000000009
175,LALPATHLAB,2022-10-21 10:00:00,2022-10-21 11:15:00,2561.25,2542.55,2022-10-21 10:00:00,2022-10-21 11:15:00,2542.55,2561.25,2542.55,2561.25,StopLoss,upper,2561.25,-18.699999999999818,-448.79999999999563,90033.68000000008
176,PAGEIND,2022-10-28 13:15:00,2022-10-28 10:15:00,49599.35,49301.2,2022-10-28 10:15:00,2022-10-28 13:15:00,49599.35,49301.2,49301.2,49599.35,StopLoss,lower,49301.2,-298.15000000000146,-298.15000000000146,89584.88000000009
177,BANKINDIA,2022-11-01 10:15:00,2022-11-01 12:00:00,61.8,61.3,2022-11-01 10:15:00,2022-11-01 12:00:00,61.3,61.8,61.3,61.8,StopLoss,upper,61.8,-0.5,-446.0,89286.7300000001
178,LICHSGFIN,2022-11-02 15:00:00,2022-11-02 10:00:00,362.4,358.05,2022-11-02 10:00:00,2022-11-02 15:00:00,362.4,369.0,369.0,362.4,DayEnd,lower,358.05,6.600000000000023,673.2000000000023,88840.7300000001
179,JINDALSTEL,2022-11-04 10:30:00,2022-11-04 15:00:00,480.7,475.55,2022-11-04 10:30:00,2022-11-04 15:00:00,475.55,475.25,475.55,475.25,DayEnd,upper,480.7,0.30000000000001137,25.800000000000978,89513.9300000001
180,VEDL,2022-11-04 10:30:00,2022-11-04 15:00:00,323.6,319.7,2022-11-04 10:30:00,2022-11-04 15:00:00,319.7,321.1,319.7,321.1,DayEnd,upper,323.6,-1.4000000000000343,-159.60000000000392,89513.9300000001
181,PRESTIGE,2022-11-09 10:00:00,2022-11-09 15:00:00,480.1,472.0,2022-11-09 10:00:00,2022-11-09 15:00:00,472.0,461.2,472.0,461.2,DayEnd,upper,480.1,10.800000000000011,594.0000000000007,89380.13000000009
182,BRITANNIA,2022-11-09 10:15:00,2022-11-09 15:00:00,4232.7,4222.7,2022-11-09 10:15:00,2022-11-09 15:00:00,4222.7,4162.9,4222.7,4162.9,DayEnd,upper,4232.7,59.80000000000018,2631.200000000008,89380.13000000009
183,UNIONBANK,2022-11-10 10:00:00,2022-11-10 11:15:00,66.8,66.05,2022-11-10 10:00:00,2022-11-10 11:15:00,66.05,66.8,66.05,66.8,StopLoss,upper,66.8,-0.75,-462.75,92605.3300000001
184,NATCOPHARM,2022-11-14 15:00:00,2022-11-14 09:45:00,572.7,566.65,2022-11-14 09:45:00,2022-11-14 15:00:00,572.7,573.3,573.3,572.7,DayEnd,lower,566.65,0.5999999999999089,45.59999999999308,92142.5800000001
185,ASTRAL,2022-11-15 10:30:00,2022-11-15 10:00:00,1941.35,1930.1,2022-11-15 10:00:00,2022-11-15 10:30:00,1941.35,1930.1,1930.1,1941.35,StopLoss,lower,1930.1,-11.25,-450.0,92188.1800000001
186,CONCOR,2022-11-16 15:00:00,2022-11-16 10:00:00,753.9,750.0,2022-11-16 10:00:00,2022-11-16 15:00:00,753.9,762.55,762.55,753.9,DayEnd,lower,750.0,8.649999999999977,1012.0499999999973,91738.1800000001
187,BAJAJFINSV,2022-11-16 14:30:00,2022-11-16 09:45:00,1690.0,1678.5,2022-11-16 09:45:00,2022-11-16 14:30:00,1690.0,1678.5,1678.5,1690.0,StopLoss,lower,1678.5,-11.5,-448.5,91738.1800000001
188,ASTRAL,2022-11-16 15:00:00,2022-11-16 10:00:00,1938.0,1902.45,2022-11-16 10:00:00,2022-11-16 15:00:00,1938.0,1924.25,1924.25,1938.0,DayEnd,lower,1902.45,-13.75,-165.0,91738.1800000001
189,CASTROLIND,2022-11-17 10:00:00,2022-11-17 15:00:00,132.9,132.25,2022-11-17 10:00:00,2022-11-17 15:00:00,132.25,131.8,132.25,131.8,DayEnd,upper,132.9,0.44999999999998863,318.59999999999195,92136.7300000001
190,IRFC,2022-11-17 09:45:00,2022-11-17 12:30:00,28.4,28.0,2022-11-17 09:45:00,2022-11-17 12:30:00,28.0,28.4,28.0,28.4,StopLoss,upper,28.4,-0.3999999999999986,-460.3999999999984,92136.7300000001
191,DIXON,2022-11-18 13:45:00,2022-11-18 10:15:00,4303.0,4275.1,2022-11-18 10:15:00,2022-11-18 13:45:00,4303.0,4275.1,4275.1,4303.0,StopLoss,lower,4275.1,-27.899999999999643,-446.3999999999943,91994.9300000001
192,PNB,2022-11-21 11:15:00,2022-11-21 15:00:00,47.7,47.5,2022-11-21 11:15:00,2022-11-21 15:00:00,47.5,47.45,47.5,47.45,DayEnd,upper,47.7,0.049999999999997165,114.39999999999351,91548.5300000001
193,ADANITRANS,2022-11-21 13:15:00,2022-11-21 10:00:00,3053.25,3028.0,2022-11-21 10:00:00,2022-11-21 13:15:00,3053.25,3028.0,3028.0,3053.25,StopLoss,lower,3028.0,-25.25,-454.5,91548.5300000001
194,MANAPPURAM,2022-11-21 15:00:00,2022-11-21 10:00:00,110.4,109.3,2022-11-21 10:00:00,2022-11-21 15:00:00,110.4,111.2,111.2,110.4,DayEnd,lower,109.3,0.7999999999999972,332.7999999999988,91548.5300000001
195,MANAPPURAM,2022-11-22 15:00:00,2022-11-22 09:45:00,110.35,109.75,2022-11-22 09:45:00,2022-11-22 15:00:00,110.35,111.2,111.2,110.35,DayEnd,lower,109.75,0.8500000000000085,647.7000000000065,91541.2300000001
196,FORTIS,2022-11-22 15:00:00,2022-11-22 10:15:00,281.45,279.2,2022-11-22 10:15:00,2022-11-22 15:00:00,281.45,280.3,280.3,281.45,DayEnd,lower,279.2,-1.1499999999999773,-233.44999999999538,91541.2300000001
197,IRFC,2022-11-24 09:45:00,2022-11-24 10:30:00,30.1,29.85,2022-11-24 09:45:00,2022-11-24 10:30:00,29.85,30.1,29.85,30.1,StopLoss,upper,30.1,-0.25,-459.75,91955.48000000011
198,INDIGO,2022-11-24 10:00:00,2022-11-24 15:00:00,1959.9,1943.7,2022-11-24 10:00:00,2022-11-24 15:00:00,1943.7,1895.95,1943.7,1895.95,DayEnd,upper,1959.9,47.75,1337.0,91955.48000000011
199,HDFCLIFE,2022-11-25 09:45:00,2022-11-25 15:00:00,587.35,581.9,2022-11-25 09:45:00,2022-11-25 15:00:00,581.9,585.0,581.9,585.0,DayEnd,upper,587.35,-3.1000000000000227,-263.50000000000193,92832.73000000011
200,IRFC,2022-11-28 10:30:00,2022-11-28 15:00:00,34.65,34.25,2022-11-28 10:30:00,2022-11-28 15:00:00,34.25,33.6,34.25,33.6,DayEnd,upper,34.65,0.6499999999999986,752.0499999999984,92569.23000000011
201,MFSL,2022-11-28 10:00:00,2022-11-28 15:00:00,694.6,687.1,2022-11-28 10:00:00,2022-11-28 15:00:00,687.1,685.45,687.1,685.45,DayEnd,upper,694.6,1.6499999999999773,100.64999999999861,92569.23000000011
202,DIXON,2022-11-30 10:30:00,2022-11-30 10:00:00,4231.45,4217.1,2022-11-30 10:00:00,2022-11-30 10:30:00,4231.45,4217.1,4217.1,4231.45,StopLoss,lower,4217.1,-14.349999999999454,-459.19999999998254,93421.93000000011
203,TATASTEEL,2022-12-05 10:00:00,2022-12-05 12:15:00,114.7,113.75,2022-12-05 10:00:00,2022-12-05 12:15:00,113.75,114.7,113.75,114.7,StopLoss,upper,114.7,-0.9500000000000028,-464.5500000000014,92962.73000000013
204,VEDL,2022-12-05 09:45:00,2022-12-05 15:00:00,322.15,319.55,2022-12-05 09:45:00,2022-12-05 15:00:00,319.55,319.45,319.55,319.45,DayEnd,upper,322.15,0.10000000000002274,17.800000000004047,92962.73000000013
205,INDIANB,2022-12-06 10:15:00,2022-12-06 11:15:00,289.9,289.05,2022-12-06 10:15:00,2022-12-06 11:15:00,289.05,289.9,289.05,289.9,StopLoss,upper,289.9,-0.8499999999999659,-462.39999999998145,92515.98000000013
206,PNB,2022-12-06 10:30:00,2022-12-06 15:00:00,57.2,56.7,2022-12-06 10:30:00,2022-12-06 15:00:00,56.7,55.5,56.7,55.5,DayEnd,upper,57.2,1.2000000000000028,1110.0000000000027,92515.98000000013
207,BANKINDIA,2022-12-06 10:15:00,2022-12-06 15:00:00,93.2,92.1,2022-12-06 10:15:00,2022-12-06 15:00:00,92.1,90.05,92.1,90.05,DayEnd,upper,93.2,2.0499999999999967,860.9999999999986,92515.98000000013
208,BANKINDIA,2022-12-08 10:00:00,2022-12-08 11:00:00,97.25,96.0,2022-12-08 10:00:00,2022-12-08 11:00:00,96.0,97.25,96.0,97.25,StopLoss,upper,97.25,-1.25,-470.0,94024.58000000015
209,LTIM,2022-12-08 10:30:00,2022-12-08 10:15:00,4635.7,4622.0,2022-12-08 10:15:00,2022-12-08 10:30:00,4635.7,4622.0,4622.0,4635.7,StopLoss,lower,4622.0,-13.699999999999818,-465.7999999999938,94024.58000000015
210,BANKBARODA,2022-12-09 10:15:00,2022-12-09 15:00:00,195.9,193.5,2022-12-09 10:15:00,2022-12-09 15:00:00,193.5,186.75,193.5,186.75,DayEnd,upper,195.9,6.75,1302.75,93088.78000000016
211,IRFC,2022-12-09 10:15:00,2022-12-09 10:00:00,31.9,31.65,2022-12-09 10:00:00,2022-12-09 10:15:00,31.9,31.65,31.65,31.9,StopLoss,lower,31.65,-0.25,-465.25,93088.78000000016
212,COFORGE,2022-12-09 11:45:00,2022-12-09 11:15:00,3931.15,3915.0,2022-12-09 11:15:00,2022-12-09 11:45:00,3931.15,3915.0,3915.0,3931.15,StopLoss,lower,3915.0,-16.15000000000009,-452.20000000000255,93088.78000000016
213,SIEMENS,2022-12-12 11:00:00,2022-12-12 14:00:00,3049.5,3035.2,2022-12-12 11:00:00,2022-12-12 14:00:00,3035.2,3049.5,3035.2,3049.5,StopLoss,upper,3049.5,-14.300000000000182,-457.6000000000058,93474.08000000016
214,LTIM,2022-12-12 15:00:00,2022-12-12 10:00:00,4323.7,4309.0,2022-12-12 10:00:00,2022-12-12 15:00:00,4323.7,4319.95,4319.95,4323.7,DayEnd,lower,4309.0,-3.75,-116.25,93474.08000000016
