,Symbol,Sell Time,Buy Time,High at order,Low at order,Entry,Exit,Entry Price,Exit Price,Sell Price,Buy Price,Exit Type,Operation,StopLoss,P and L
3,BANKBARODA,2022-01-10 10:30:00,2022-01-10 12:00:00,90.45,90.1,2022-01-10 10:30:00,2022-01-10 12:00:00,90.1,90.45,90.1,90.45,StopLoss,upper,90.45,-0.3500000000000085
6,INDIGO,2022-01-11 09:45:00,2022-01-11 15:00:00,2106.0,2077.0,2022-01-11 09:45:00,2022-01-11 15:00:00,2077.0,2038.8,2077.0,2038.8,DayEnd,upper,2106.0,38.200000000000045
10,PIIND,2022-01-12 15:00:00,2022-01-12 09:45:00,2874.7,2826.0,2022-01-12 09:45:00,2022-01-12 15:00:00,2874.7,2870.25,2870.25,2874.7,DayEnd,lower,2826.0,-4.449999999999818
13,TATACHEM,2022-01-14 09:45:00,2022-01-14 15:00:00,1045.25,1035.3,2022-01-14 09:45:00,2022-01-14 15:00:00,1035.3,1032.4,1035.3,1032.4,DayEnd,upper,1045.25,2.8999999999998636
15,PRESTIGE,2022-01-18 09:45:00,2022-01-18 15:00:00,544.7,538.05,2022-01-18 09:45:00,2022-01-18 15:00:00,538.05,524.55,538.05,524.55,DayEnd,upper,544.7,13.5
18,IDEA,2022-01-19 15:00:00,2022-01-19 10:00:00,11.75,11.65,2022-01-19 10:00:00,2022-01-19 15:00:00,11.75,11.95,11.95,11.75,DayEnd,lower,11.65,0.1999999999999993
19,LALPATHLAB,2022-01-19 10:15:00,2022-01-19 09:45:00,3299.8,3256.0,2022-01-19 09:45:00,2022-01-19 10:15:00,3299.8,3256.0,3256.0,3299.8,StopLoss,lower,3256.0,-43.80000000000018
23,HCLTECH,2022-01-20 10:30:00,2022-01-20 09:45:00,1186.75,1182.0,2022-01-20 09:45:00,2022-01-20 10:30:00,1186.75,1182.0,1182.0,1186.75,StopLoss,lower,1182.0,-4.75
24,LALPATHLAB,2022-01-21 10:30:00,2022-01-21 10:15:00,3068.0,3050.0,2022-01-21 10:15:00,2022-01-21 10:30:00,3068.0,3050.0,3050.0,3068.0,StopLoss,lower,3050.0,-18.0
26,DIVISLAB,2022-01-24 15:00:00,2022-01-24 10:00:00,3991.4,3935.7,2022-01-24 10:00:00,2022-01-24 15:00:00,3991.4,4015.55,4015.55,3991.4,DayEnd,lower,3935.7,24.15000000000009
27,RAMCOCEM,2022-01-24 14:00:00,2022-01-24 09:45:00,909.0,892.25,2022-01-24 09:45:00,2022-01-24 14:00:00,909.0,892.25,892.25,909.0,StopLoss,lower,892.25,-16.75
28,NAUKRI,2022-01-24 15:00:00,2022-01-24 10:30:00,4474.95,4425.0,2022-01-24 10:30:00,2022-01-24 15:00:00,4474.95,4459.0,4459.0,4474.95,DayEnd,lower,4425.0,-15.949999999999818
31,MFSL,2022-01-27 10:00:00,2022-01-27 09:45:00,884.8,878.0,2022-01-27 09:45:00,2022-01-27 10:00:00,884.8,878.0,878.0,884.8,StopLoss,lower,878.0,-6.7999999999999545
32,INDIAMART,2022-01-27 15:00:00,2022-01-27 10:30:00,4531.0,4371.3,2022-01-27 10:30:00,2022-01-27 15:00:00,4531.0,4582.95,4582.95,4531.0,DayEnd,lower,4371.3,51.94999999999982
33,GODREJPROP,2022-01-27 15:00:00,2022-01-27 10:15:00,1560.95,1548.0,2022-01-27 10:15:00,2022-01-27 15:00:00,1560.95,1614.9,1614.9,1560.95,DayEnd,lower,1548.0,53.950000000000045
34,PEL,2022-01-27 15:00:00,2022-01-27 10:15:00,2280.2,2262.3,2022-01-27 10:15:00,2022-01-27 15:00:00,2280.2,2302.8,2302.8,2280.2,DayEnd,lower,2262.3,22.600000000000364
38,INDHOTEL,2022-01-31 09:45:00,2022-01-31 11:00:00,215.9,213.3,2022-01-31 09:45:00,2022-01-31 11:00:00,213.3,215.9,213.3,215.9,StopLoss,upper,215.9,-2.5999999999999943
40,TATACONSUM,2022-02-03 09:45:00,2022-02-03 15:00:00,761.2,748.2,2022-02-03 09:45:00,2022-02-03 15:00:00,748.2,741.45,748.2,741.45,DayEnd,upper,761.2,6.75
41,VEDL,2022-02-04 10:15:00,2022-02-04 11:15:00,359.75,356.8,2022-02-04 10:15:00,2022-02-04 11:15:00,356.8,359.75,356.8,359.75,StopLoss,upper,359.75,-2.9499999999999886
42,HINDCOPPER,2022-02-04 10:00:00,2022-02-04 10:30:00,134.2,133.15,2022-02-04 10:00:00,2022-02-04 10:30:00,133.15,134.2,133.15,134.2,StopLoss,upper,134.2,-1.049999999999983
43,NATIONALUM,2022-02-04 10:00:00,2022-02-04 15:00:00,121.5,120.55,2022-02-04 10:00:00,2022-02-04 15:00:00,120.55,117.75,120.55,117.75,DayEnd,upper,121.5,2.799999999999997
44,VEDL,2022-02-07 10:30:00,2022-02-07 15:00:00,371.0,368.4,2022-02-07 10:30:00,2022-02-07 15:00:00,368.4,363.9,368.4,363.9,DayEnd,upper,371.0,4.5
48,ENDURANCE,2022-02-09 11:30:00,2022-02-09 09:45:00,1467.95,1448.0,2022-02-09 09:45:00,2022-02-09 11:30:00,1467.95,1448.0,1448.0,1467.95,StopLoss,lower,1448.0,-19.950000000000045
49,GODREJCP,2022-02-09 10:30:00,2022-02-09 10:00:00,855.45,850.3,2022-02-09 10:00:00,2022-02-09 10:30:00,855.45,850.3,850.3,855.45,StopLoss,lower,850.3,-5.150000000000091
51,VEDL,2022-02-10 10:00:00,2022-02-10 15:00:00,384.35,382.45,2022-02-10 10:00:00,2022-02-10 15:00:00,382.45,378.0,382.45,378.0,DayEnd,upper,384.35,4.449999999999989
52,AJANTPHARM,2022-02-10 15:00:00,2022-02-10 10:00:00,1381.43,1370.0,2022-02-10 10:00:00,2022-02-10 15:00:00,1381.43,1382.17,1382.17,1381.43,DayEnd,lower,1370.0,0.7400000000000091
53,SBILIFE,2022-02-10 15:00:00,2022-02-10 10:00:00,1114.45,1108.0,2022-02-10 10:00:00,2022-02-10 15:00:00,1114.45,1144.85,1144.85,1114.45,DayEnd,lower,1108.0,30.399999999999864
56,ZEEL,2022-02-14 14:00:00,2022-02-14 10:00:00,255.25,251.0,2022-02-14 10:00:00,2022-02-14 14:00:00,255.25,251.0,251.0,255.25,StopLoss,lower,251.0,-4.25
57,GODREJIND,2022-02-15 10:30:00,2022-02-15 10:15:00,538.0,535.0,2022-02-15 10:15:00,2022-02-15 10:30:00,538.0,535.0,535.0,538.0,StopLoss,lower,535.0,-3.0
58,CROMPTON,2022-02-15 10:15:00,2022-02-15 10:00:00,359.8,357.95,2022-02-15 10:00:00,2022-02-15 10:15:00,359.8,357.95,357.95,359.8,StopLoss,lower,357.95,-1.8500000000000227
59,MUTHOOTFIN,2022-02-17 15:00:00,2022-02-17 10:30:00,1318.8,1306.5,2022-02-17 10:30:00,2022-02-17 15:00:00,1318.8,1309.9,1309.9,1318.8,DayEnd,lower,1306.5,-8.899999999999864
60,MANAPPURAM,2022-02-17 14:00:00,2022-02-17 10:00:00,123.55,122.3,2022-02-17 10:00:00,2022-02-17 14:00:00,123.55,122.3,122.3,123.55,StopLoss,lower,122.3,-1.25
62,DHANI,2022-02-22 12:30:00,2022-02-22 09:45:00,84.9,82.75,2022-02-22 09:45:00,2022-02-22 12:30:00,84.9,82.75,82.75,84.9,StopLoss,lower,82.75,-2.1500000000000057
63,HINDCOPPER,2022-02-22 12:45:00,2022-02-22 10:00:00,113.5,112.6,2022-02-22 10:00:00,2022-02-22 12:45:00,113.5,112.6,112.6,113.5,StopLoss,lower,112.6,-0.9000000000000057
64,DEEPAKNTR,2022-02-22 15:00:00,2022-02-22 09:45:00,1966.85,1922.25,2022-02-22 09:45:00,2022-02-22 15:00:00,1966.85,1974.0,1974.0,1966.85,DayEnd,lower,1922.25,7.150000000000091
65,PEL,2022-02-22 15:00:00,2022-02-22 09:45:00,2041.9,1996.65,2022-02-22 09:45:00,2022-02-22 15:00:00,2041.9,2046.0,2046.0,2041.9,DayEnd,lower,1996.65,4.099999999999909
66,APOLLOTYRE,2022-02-22 12:45:00,2022-02-22 10:00:00,197.35,196.15,2022-02-22 10:00:00,2022-02-22 12:45:00,197.35,196.15,196.15,197.35,StopLoss,lower,196.15,-1.1999999999999886
70,ZEEL,2022-02-24 10:45:00,2022-02-24 10:00:00,231.8,229.5,2022-02-24 10:00:00,2022-02-24 10:45:00,231.8,229.5,229.5,231.8,StopLoss,lower,229.5,-2.3000000000000114
75,HINDZINC,2022-03-03 09:45:00,2022-03-03 15:00:00,360.0,356.35,2022-03-03 09:45:00,2022-03-03 15:00:00,356.35,346.6,356.35,346.6,DayEnd,upper,360.0,9.75
76,HINDCOPPER,2022-03-03 10:00:00,2022-03-03 14:15:00,124.95,123.8,2022-03-03 10:00:00,2022-03-03 14:15:00,123.8,124.95,123.8,124.95,StopLoss,upper,124.95,-1.1500000000000057
78,ADANITRANS,2022-03-04 09:45:00,2022-03-04 15:00:00,2432.2,2381.95,2022-03-04 09:45:00,2022-03-04 15:00:00,2381.95,2329.3,2381.95,2329.3,DayEnd,upper,2432.2,52.649999999999636
79,GUJGASLTD,2022-03-04 10:30:00,2022-03-04 09:45:00,512.6,503.7,2022-03-04 09:45:00,2022-03-04 10:30:00,512.6,503.7,503.7,512.6,StopLoss,lower,503.7,-8.900000000000034
80,UPL,2022-03-04 10:00:00,2022-03-04 15:00:00,735.9,726.5,2022-03-04 10:00:00,2022-03-04 15:00:00,726.5,715.95,726.5,715.95,DayEnd,upper,735.9,10.549999999999955
81,ATGL,2022-03-04 10:00:00,2022-03-04 15:00:00,1816.0,1775.0,2022-03-04 10:00:00,2022-03-04 15:00:00,1775.0,1796.9,1775.0,1796.9,DayEnd,upper,1816.0,-21.90000000000009
82,JUBLFOOD,2022-03-04 10:30:00,2022-03-04 10:00:00,540.42,536.96,2022-03-04 10:00:00,2022-03-04 10:30:00,540.42,536.96,536.96,540.42,StopLoss,lower,536.96,-3.4599999999999227
84,MARUTI,2022-03-08 10:30:00,2022-03-08 10:00:00,6682.6,6604.0,2022-03-08 10:00:00,2022-03-08 10:30:00,6682.6,6604.0,6604.0,6682.6,StopLoss,lower,6604.0,-78.60000000000036
85,ASHOKLEY,2022-03-08 10:15:00,2022-03-08 10:00:00,98.6,97.75,2022-03-08 10:00:00,2022-03-08 10:15:00,98.6,97.75,97.75,98.6,StopLoss,lower,97.75,-0.8499999999999943
86,BANDHANBNK,2022-03-08 10:45:00,2022-03-08 10:00:00,257.0,252.9,2022-03-08 10:00:00,2022-03-08 10:45:00,257.0,252.9,252.9,257.0,StopLoss,lower,252.9,-4.099999999999994
89,VEDL,2022-03-09 15:00:00,2022-03-09 09:45:00,373.95,368.75,2022-03-09 09:45:00,2022-03-09 15:00:00,373.95,373.75,373.75,373.95,DayEnd,lower,368.75,-0.19999999999998863
90,NATIONALUM,2022-03-09 15:00:00,2022-03-09 09:45:00,122.0,120.45,2022-03-09 09:45:00,2022-03-09 15:00:00,122.0,122.75,122.75,122.0,DayEnd,lower,120.45,0.75
91,EXIDEIND,2022-03-11 09:45:00,2022-03-11 15:00:00,155.6,154.25,2022-03-11 09:45:00,2022-03-11 15:00:00,154.25,153.5,154.25,153.5,DayEnd,upper,155.6,0.75
93,MANAPPURAM,2022-03-14 10:15:00,2022-03-14 10:00:00,114.1,113.6,2022-03-14 10:00:00,2022-03-14 10:15:00,114.1,113.6,113.6,114.1,StopLoss,lower,113.6,-0.5
95,CIPLA,2022-03-15 10:15:00,2022-03-15 15:00:00,1081.5,1063.15,2022-03-15 10:15:00,2022-03-15 15:00:00,1063.15,1066.1,1063.15,1066.1,DayEnd,upper,1081.5,-2.949999999999818
98,OIL,2022-03-15 11:30:00,2022-03-15 10:00:00,226.35,225.6,2022-03-15 10:00:00,2022-03-15 11:30:00,226.35,225.6,225.6,226.35,StopLoss,lower,225.6,-0.75
99,CHOLAFIN,2022-03-16 09:45:00,2022-03-16 15:00:00,713.5,706.35,2022-03-16 09:45:00,2022-03-16 15:00:00,706.35,699.25,706.35,699.25,DayEnd,upper,713.5,7.100000000000023
100,MCDOWELL-N,2022-03-17 10:30:00,2022-03-17 13:45:00,913.0,908.7,2022-03-17 10:30:00,2022-03-17 13:45:00,908.7,913.0,908.7,913.0,StopLoss,upper,913.0,-4.2999999999999545
104,VEDL,2022-03-22 09:45:00,2022-03-22 15:00:00,414.7,410.9,2022-03-22 09:45:00,2022-03-22 15:00:00,410.9,405.0,410.9,405.0,DayEnd,upper,414.7,5.899999999999977
105,ONGC,2022-03-22 10:00:00,2022-03-22 15:00:00,180.1,179.0,2022-03-22 10:00:00,2022-03-22 15:00:00,179.0,175.35,179.0,175.35,DayEnd,upper,180.1,3.6500000000000057
113,NAUKRI,2022-03-28 10:30:00,2022-03-28 09:45:00,4424.35,4375.0,2022-03-28 09:45:00,2022-03-28 10:30:00,4424.35,4375.0,4375.0,4424.35,StopLoss,lower,4375.0,-49.350000000000364
115,SAIL,2022-03-30 10:15:00,2022-03-30 10:00:00,97.8,97.45,2022-03-30 10:00:00,2022-03-30 10:15:00,97.8,97.45,97.45,97.8,StopLoss,lower,97.45,-0.3499999999999943
119,HDFC,2022-04-04 10:30:00,2022-04-04 15:00:00,2838.4,2765.55,2022-04-04 10:30:00,2022-04-04 15:00:00,2765.55,2680.95,2765.55,2680.95,DayEnd,upper,2838.4,84.60000000000036
121,GODREJIND,2022-04-05 10:00:00,2022-04-05 11:45:00,487.8,486.15,2022-04-05 10:00:00,2022-04-05 11:45:00,486.15,487.8,486.15,487.8,StopLoss,upper,487.8,-1.650000000000034
123,ATGL,2022-04-06 10:00:00,2022-04-06 15:00:00,2552.95,2527.0,2022-04-06 10:00:00,2022-04-06 15:00:00,2527.0,2506.5,2527.0,2506.5,DayEnd,upper,2552.95,20.5
124,TATAPOWER,2022-04-06 09:45:00,2022-04-06 11:00:00,285.75,282.1,2022-04-06 09:45:00,2022-04-06 11:00:00,282.1,285.75,282.1,285.75,StopLoss,upper,285.75,-3.6499999999999773
126,ATGL,2022-04-07 10:00:00,2022-04-07 11:00:00,2592.0,2585.0,2022-04-07 10:00:00,2022-04-07 11:00:00,2585.0,2592.0,2585.0,2592.0,StopLoss,upper,2592.0,-7.0
127,ADANIENT,2022-04-07 10:00:00,2022-04-07 15:00:00,2206.05,2192.9,2022-04-07 10:00:00,2022-04-07 15:00:00,2192.9,2104.5,2192.9,2104.5,DayEnd,upper,2206.05,88.40000000000009
128,GSPL,2022-04-07 10:00:00,2022-04-07 11:45:00,291.15,288.35,2022-04-07 10:00:00,2022-04-07 11:45:00,288.35,291.15,288.35,291.15,StopLoss,upper,291.15,-2.7999999999999545
131,HAL,2022-04-11 10:15:00,2022-04-11 15:00:00,1692.85,1678.9,2022-04-11 10:15:00,2022-04-11 15:00:00,1678.9,1680.9,1678.9,1680.9,DayEnd,upper,1692.85,-2.0
132,BEL,2022-04-11 10:15:00,2022-04-11 15:00:00,82.55,81.82,2022-04-11 10:15:00,2022-04-11 15:00:00,81.82,81.27,81.82,81.27,DayEnd,upper,82.55,0.5499999999999972
134,TATAELXSI,2022-04-18 12:00:00,2022-04-18 10:15:00,7999.85,7965.05,2022-04-18 10:15:00,2022-04-18 12:00:00,7999.85,7965.05,7965.05,7999.85,StopLoss,lower,7965.05,-34.80000000000018
135,MPHASIS,2022-04-18 10:45:00,2022-04-18 10:30:00,2867.35,2855.1,2022-04-18 10:30:00,2022-04-18 10:45:00,2867.35,2855.1,2855.1,2867.35,StopLoss,lower,2855.1,-12.25
136,BAJAJHLDNG,2022-04-18 11:00:00,2022-04-18 10:30:00,5297.9,5252.0,2022-04-18 10:30:00,2022-04-18 11:00:00,5297.9,5252.0,5252.0,5297.9,StopLoss,lower,5252.0,-45.899999999999636
138,GAIL,2022-04-19 09:45:00,2022-04-19 11:00:00,115.47,114.0,2022-04-19 09:45:00,2022-04-19 11:00:00,114.0,115.47,114.0,115.47,StopLoss,upper,115.47,-1.4699999999999989
142,LTIM,2022-04-21 15:00:00,2022-04-21 10:00:00,5047.75,4991.2,2022-04-21 10:00:00,2022-04-21 15:00:00,5047.75,5068.55,5068.55,5047.75,DayEnd,lower,4991.2,20.800000000000182
143,POLYCAB,2022-04-22 09:45:00,2022-04-22 10:45:00,2809.9,2791.0,2022-04-22 09:45:00,2022-04-22 10:45:00,2791.0,2809.9,2791.0,2809.9,StopLoss,upper,2809.9,-18.90000000000009
145,NATIONALUM,2022-04-22 12:15:00,2022-04-22 10:30:00,116.3,115.7,2022-04-22 10:30:00,2022-04-22 12:15:00,116.3,115.7,115.7,116.3,StopLoss,lower,115.7,-0.5999999999999943
146,ACC,2022-04-25 09:45:00,2022-04-25 15:00:00,2314.55,2285.05,2022-04-25 09:45:00,2022-04-25 15:00:00,2285.05,2269.45,2285.05,2269.45,DayEnd,upper,2314.55,15.600000000000364
148,NATIONALUM,2022-04-25 10:30:00,2022-04-25 10:00:00,111.2,109.65,2022-04-25 10:00:00,2022-04-25 10:30:00,111.2,109.65,109.65,111.2,StopLoss,lower,109.65,-1.5499999999999972
152,DHANI,2022-04-28 11:15:00,2022-04-28 10:45:00,55.75,55.3,2022-04-28 10:45:00,2022-04-28 11:15:00,55.75,55.3,55.3,55.75,StopLoss,lower,55.3,-0.45000000000000284
154,TATACOMM,2022-05-02 15:00:00,2022-05-02 10:30:00,1069.5,1060.9,2022-05-02 10:30:00,2022-05-02 15:00:00,1069.5,1083.45,1083.45,1069.5,DayEnd,lower,1060.9,13.950000000000045
155,JSWENERGY,2022-05-02 10:45:00,2022-05-02 10:00:00,312.5,308.35,2022-05-02 10:00:00,2022-05-02 10:45:00,312.5,308.35,308.35,312.5,StopLoss,lower,308.35,-4.149999999999977
156,INDHOTEL,2022-05-04 09:45:00,2022-05-04 15:00:00,268.2,266.25,2022-05-04 09:45:00,2022-05-04 15:00:00,266.25,255.9,266.25,255.9,DayEnd,upper,268.2,10.349999999999994
157,APOLLOHOSP,2022-05-04 11:45:00,2022-05-04 10:30:00,4127.4,4100.1,2022-05-04 10:30:00,2022-05-04 11:45:00,4127.4,4100.1,4100.1,4127.4,StopLoss,lower,4100.1,-27.299999999999272
158,TITAN,2022-05-04 10:00:00,2022-05-04 09:45:00,2340.45,2322.0,2022-05-04 09:45:00,2022-05-04 10:00:00,2340.45,2322.0,2322.0,2340.45,StopLoss,lower,2322.0,-18.449999999999818
161,HAVELLS,2022-05-05 15:00:00,2022-05-05 09:45:00,1266.4,1237.55,2022-05-05 09:45:00,2022-05-05 15:00:00,1266.4,1251.45,1251.45,1266.4,DayEnd,lower,1237.55,-14.950000000000045
162,VOLTAS,2022-05-06 15:00:00,2022-05-06 10:15:00,1068.55,1057.0,2022-05-06 10:15:00,2022-05-06 15:00:00,1068.55,1067.95,1067.95,1068.55,DayEnd,lower,1057.0,-0.599999999999909
164,HINDCOPPER,2022-05-09 10:15:00,2022-05-09 10:00:00,100.05,99.5,2022-05-09 10:00:00,2022-05-09 10:15:00,100.05,99.5,99.5,100.05,StopLoss,lower,99.5,-0.5499999999999972
167,VOLTAS,2022-05-10 11:15:00,2022-05-10 10:15:00,1003.4,994.0,2022-05-10 10:15:00,2022-05-10 11:15:00,1003.4,994.0,994.0,1003.4,StopLoss,lower,994.0,-9.399999999999977
168,AJANTPHARM,2022-05-11 15:00:00,2022-05-11 09:45:00,1074.0,1061.77,2022-05-11 09:45:00,2022-05-11 15:00:00,1074.0,1120.07,1120.07,1074.0,DayEnd,lower,1061.77,46.069999999999936
169,ISEC,2022-05-11 10:15:00,2022-05-11 09:45:00,477.9,472.05,2022-05-11 09:45:00,2022-05-11 10:15:00,477.9,472.05,472.05,477.9,StopLoss,lower,472.05,-5.849999999999966
170,NATCOPHARM,2022-05-11 15:00:00,2022-05-11 10:00:00,686.8,675.25,2022-05-11 10:00:00,2022-05-11 15:00:00,686.8,680.0,680.0,686.8,DayEnd,lower,675.25,-6.7999999999999545
171,DMART,2022-05-11 10:30:00,2022-05-11 10:15:00,3386.7,3360.0,2022-05-11 10:15:00,2022-05-11 10:30:00,3386.7,3360.0,3360.0,3386.7,StopLoss,lower,3360.0,-26.699999999999818
172,ADANITRANS,2022-05-12 10:30:00,2022-05-12 10:15:00,2198.8,2165.6,2022-05-12 10:15:00,2022-05-12 10:30:00,2198.8,2165.6,2165.6,2198.8,StopLoss,lower,2165.6,-33.20000000000027
173,DHANI,2022-05-12 12:45:00,2022-05-12 10:15:00,40.85,40.0,2022-05-12 10:15:00,2022-05-12 12:45:00,40.85,40.0,40.0,40.85,StopLoss,lower,40.0,-0.8500000000000014
174,PEL,2022-05-12 11:15:00,2022-05-12 09:45:00,1807.65,1796.95,2022-05-12 09:45:00,2022-05-12 11:15:00,1807.65,1796.95,1796.95,1807.65,StopLoss,lower,1796.95,-10.700000000000045
176,EICHERMOT,2022-05-16 10:15:00,2022-05-16 12:15:00,2588.75,2570.05,2022-05-16 10:15:00,2022-05-16 12:15:00,2570.05,2588.75,2570.05,2588.75,StopLoss,upper,2588.75,-18.699999999999818
177,SHREECEM,2022-05-16 11:30:00,2022-05-16 09:45:00,22159.95,21877.05,2022-05-16 09:45:00,2022-05-16 11:30:00,22159.95,21877.05,21877.05,22159.95,StopLoss,lower,21877.05,-282.90000000000146
178,AUROPHARMA,2022-05-16 10:15:00,2022-05-16 09:45:00,551.2,547.6,2022-05-16 09:45:00,2022-05-16 10:15:00,551.2,547.6,547.6,551.2,StopLoss,lower,547.6,-3.6000000000000227
180,AUROPHARMA,2022-05-17 10:45:00,2022-05-17 10:15:00,545.8,542.3,2022-05-17 10:15:00,2022-05-17 10:45:00,545.8,542.3,542.3,545.8,StopLoss,lower,542.3,-3.5
185,LUPIN,2022-05-19 15:00:00,2022-05-19 10:15:00,632.55,624.25,2022-05-19 10:15:00,2022-05-19 15:00:00,632.55,634.95,634.95,632.55,DayEnd,lower,624.25,2.400000000000091
186,LALPATHLAB,2022-05-19 12:15:00,2022-05-19 10:00:00,1968.35,1936.05,2022-05-19 10:00:00,2022-05-19 12:15:00,1968.35,1936.05,1936.05,1968.35,StopLoss,lower,1936.05,-32.299999999999955
187,HEROMOTOCO,2022-05-23 10:15:00,2022-05-23 15:00:00,2676.65,2660.0,2022-05-23 10:15:00,2022-05-23 15:00:00,2660.0,2643.0,2660.0,2643.0,DayEnd,upper,2676.65,17.0
189,ISEC,2022-05-24 13:00:00,2022-05-24 10:15:00,448.4,444.4,2022-05-24 10:15:00,2022-05-24 13:00:00,448.4,444.4,444.4,448.4,StopLoss,lower,444.4,-4.0
193,DIVISLAB,2022-05-26 10:30:00,2022-05-26 10:00:00,3438.55,3410.3,2022-05-26 10:00:00,2022-05-26 10:30:00,3438.55,3410.3,3410.3,3438.55,StopLoss,lower,3410.3,-28.25
194,IPCALAB,2022-05-26 14:45:00,2022-05-26 09:45:00,926.0,908.7,2022-05-26 09:45:00,2022-05-26 14:45:00,926.0,908.7,908.7,926.0,StopLoss,lower,908.7,-17.299999999999955
195,ADANIPORTS,2022-05-26 15:00:00,2022-05-26 10:30:00,677.0,668.15,2022-05-26 10:30:00,2022-05-26 15:00:00,677.0,698.6,698.6,677.0,DayEnd,lower,668.15,21.600000000000023
200,DIXON,2022-05-31 09:45:00,2022-05-31 15:00:00,3966.0,3891.65,2022-05-31 09:45:00,2022-05-31 15:00:00,3891.65,3864.0,3891.65,3864.0,DayEnd,upper,3966.0,27.65000000000009
201,ADANITRANS,2022-06-01 13:30:00,2022-06-01 10:00:00,1985.75,1960.2,2022-06-01 10:00:00,2022-06-01 13:30:00,1985.75,1960.2,1960.2,1985.75,StopLoss,lower,1960.2,-25.549999999999955
202,NAUKRI,2022-06-06 10:30:00,2022-06-06 09:45:00,3755.2,3702.3,2022-06-06 09:45:00,2022-06-06 10:30:00,3755.2,3702.3,3702.3,3755.2,StopLoss,lower,3702.3,-52.899999999999636
203,ICICIGI,2022-06-07 10:45:00,2022-06-07 09:45:00,1172.6,1165.0,2022-06-07 09:45:00,2022-06-07 10:45:00,1172.6,1165.0,1165.0,1172.6,StopLoss,lower,1165.0,-7.599999999999909
204,NAUKRI,2022-06-07 10:15:00,2022-06-07 10:00:00,3634.0,3607.0,2022-06-07 10:00:00,2022-06-07 10:15:00,3634.0,3607.0,3607.0,3634.0,StopLoss,lower,3607.0,-27.0
205,GUJGASLTD,2022-06-08 10:15:00,2022-06-08 09:45:00,502.0,497.25,2022-06-08 09:45:00,2022-06-08 10:15:00,502.0,497.25,497.25,502.0,StopLoss,lower,497.25,-4.75
206,DEEPAKNTR,2022-06-08 11:30:00,2022-06-08 10:00:00,1832.95,1812.3,2022-06-08 10:00:00,2022-06-08 11:30:00,1832.95,1812.3,1812.3,1832.95,StopLoss,lower,1812.3,-20.65000000000009
207,POLYCAB,2022-06-08 11:15:00,2022-06-08 10:00:00,2360.9,2324.05,2022-06-08 10:00:00,2022-06-08 11:15:00,2360.9,2324.05,2324.05,2360.9,StopLoss,lower,2324.05,-36.84999999999991
208,VOLTAS,2022-06-08 15:00:00,2022-06-08 10:00:00,990.75,973.4,2022-06-08 10:00:00,2022-06-08 15:00:00,990.75,990.6,990.6,990.75,DayEnd,lower,973.4,-0.14999999999997726
211,ONGC,2022-06-09 10:15:00,2022-06-09 15:00:00,167.05,166.65,2022-06-09 10:15:00,2022-06-09 15:00:00,166.65,165.6,166.65,165.6,DayEnd,upper,167.05,1.0500000000000114
213,DEEPAKNTR,2022-06-09 15:00:00,2022-06-09 10:15:00,1773.45,1749.05,2022-06-09 10:15:00,2022-06-09 15:00:00,1773.45,1777.85,1777.85,1773.45,DayEnd,lower,1749.05,4.399999999999864
214,BERGEPAINT,2022-06-09 15:00:00,2022-06-09 10:15:00,569.5,565.25,2022-06-09 10:15:00,2022-06-09 15:00:00,569.5,578.5,578.5,569.5,DayEnd,lower,565.25,9.0
217,ADANITRANS,2022-06-13 10:30:00,2022-06-13 15:00:00,2123.65,2104.55,2022-06-13 10:30:00,2022-06-13 15:00:00,2104.55,2080.05,2104.55,2080.05,DayEnd,upper,2123.65,24.5
219,LICHSGFIN,2022-06-13 13:45:00,2022-06-13 10:00:00,321.4,318.55,2022-06-13 10:00:00,2022-06-13 13:45:00,321.4,318.55,318.55,321.4,StopLoss,lower,318.55,-2.849999999999966
220,NATIONALUM,2022-06-14 10:00:00,2022-06-14 09:45:00,85.05,84.3,2022-06-14 09:45:00,2022-06-14 10:00:00,85.05,84.3,84.3,85.05,StopLoss,lower,84.3,-0.75
221,BPCL,2022-06-15 10:15:00,2022-06-15 10:00:00,310.05,309.45,2022-06-15 10:00:00,2022-06-15 10:15:00,310.05,309.45,309.45,310.05,StopLoss,lower,309.45,-0.6000000000000227
222,APOLLOTYRE,2022-06-16 10:45:00,2022-06-16 10:00:00,184.8,182.4,2022-06-16 10:00:00,2022-06-16 10:45:00,184.8,182.4,182.4,184.8,StopLoss,lower,182.4,-2.4000000000000057
225,DHANI,2022-06-17 10:45:00,2022-06-17 10:30:00,36.35,36.2,2022-06-17 10:30:00,2022-06-17 10:45:00,36.35,36.2,36.2,36.35,StopLoss,lower,36.2,-0.14999999999999858
226,PETRONET,2022-06-17 13:45:00,2022-06-17 10:30:00,205.15,202.5,2022-06-17 10:30:00,2022-06-17 13:45:00,205.15,202.5,202.5,205.15,StopLoss,lower,202.5,-2.6500000000000057
227,GLAND,2022-06-17 12:30:00,2022-06-17 09:45:00,2622.5,2606.1,2022-06-17 09:45:00,2022-06-17 12:30:00,2622.5,2606.1,2606.1,2622.5,StopLoss,lower,2606.1,-16.40000000000009
230,ATGL,2022-06-20 13:00:00,2022-06-20 10:00:00,2068.8,2010.8,2022-06-20 10:00:00,2022-06-20 13:00:00,2068.8,2010.8,2010.8,2068.8,StopLoss,lower,2010.8,-58.00000000000023
234,DHANI,2022-06-21 10:45:00,2022-06-21 09:45:00,34.0,33.3,2022-06-21 09:45:00,2022-06-21 10:45:00,34.0,33.3,33.3,34.0,StopLoss,lower,33.3,-0.7000000000000028
240,INDIAMART,2022-06-29 13:00:00,2022-06-29 10:00:00,3930.0,3913.0,2022-06-29 10:00:00,2022-06-29 13:00:00,3930.0,3913.0,3913.0,3930.0,StopLoss,lower,3913.0,-17.0
249,OIL,2022-07-05 13:00:00,2022-07-05 10:00:00,195.4,194.1,2022-07-05 10:00:00,2022-07-05 13:00:00,195.4,194.1,194.1,195.4,StopLoss,lower,194.1,-1.3000000000000114
250,CONCOR,2022-07-06 09:45:00,2022-07-06 10:45:00,646.9,632.9,2022-07-06 09:45:00,2022-07-06 10:45:00,632.9,646.9,632.9,646.9,StopLoss,upper,646.9,-14.0
252,PGHH,2022-07-07 10:00:00,2022-07-07 11:00:00,14344.15,14301.05,2022-07-07 10:00:00,2022-07-07 11:00:00,14301.05,14344.15,14301.05,14344.15,StopLoss,upper,14344.15,-43.100000000000364
253,INDHOTEL,2022-07-07 10:00:00,2022-07-07 10:45:00,244.75,243.95,2022-07-07 10:00:00,2022-07-07 10:45:00,243.95,244.75,243.95,244.75,StopLoss,upper,244.75,-0.8000000000000114
254,ABFRL,2022-07-11 10:00:00,2022-07-11 10:30:00,257.55,256.25,2022-07-11 10:00:00,2022-07-11 10:30:00,256.25,257.55,256.25,257.55,StopLoss,upper,257.55,-1.3000000000000114
256,LALPATHLAB,2022-07-13 13:00:00,2022-07-13 11:00:00,2041.5,2022.55,2022-07-13 11:00:00,2022-07-13 13:00:00,2041.5,2022.55,2022.55,2041.5,StopLoss,lower,2022.55,-18.950000000000045
257,MUTHOOTFIN,2022-07-14 14:00:00,2022-07-14 09:45:00,994.9,990.55,2022-07-14 09:45:00,2022-07-14 14:00:00,994.9,990.55,990.55,994.9,StopLoss,lower,990.55,-4.350000000000023
259,DHANI,2022-07-15 10:30:00,2022-07-15 10:15:00,30.1,30.0,2022-07-15 10:15:00,2022-07-15 10:30:00,30.1,30.0,30.0,30.1,StopLoss,lower,30.0,-0.10000000000000142
263,INDIAMART,2022-07-20 10:00:00,2022-07-20 15:00:00,4218.5,4185.0,2022-07-20 10:00:00,2022-07-20 15:00:00,4185.0,4157.0,4185.0,4157.0,DayEnd,upper,4218.5,28.0
267,PEL,2022-07-22 09:45:00,2022-07-22 15:00:00,1863.2,1847.65,2022-07-22 09:45:00,2022-07-22 15:00:00,1847.65,1838.25,1847.65,1838.25,DayEnd,upper,1863.2,9.400000000000091
271,DRREDDY,2022-07-26 10:15:00,2022-07-26 10:00:00,4249.0,4227.05,2022-07-26 10:00:00,2022-07-26 10:15:00,4249.0,4227.05,4227.05,4249.0,StopLoss,lower,4227.05,-21.949999999999818
272,HINDZINC,2022-07-27 15:00:00,2022-07-27 09:45:00,262.7,260.85,2022-07-27 09:45:00,2022-07-27 15:00:00,262.7,262.8,262.8,262.7,DayEnd,lower,260.85,0.10000000000002274
273,DLF,2022-07-29 10:00:00,2022-07-29 10:45:00,391.5,388.95,2022-07-29 10:00:00,2022-07-29 10:45:00,388.95,391.5,388.95,391.5,StopLoss,upper,391.5,-2.5500000000000114
276,M_MFIN,2022-07-29 11:30:00,2022-07-29 10:00:00,191.55,189.15,2022-07-29 10:00:00,2022-07-29 11:30:00,191.55,189.15,189.15,191.55,StopLoss,lower,189.15,-2.4000000000000057
278,CHOLAFIN,2022-08-01 11:00:00,2022-08-01 11:30:00,717.0,712.05,2022-08-01 11:00:00,2022-08-01 11:30:00,712.05,717.0,712.05,717.0,StopLoss,upper,717.0,-4.9500000000000455
280,NATCOPHARM,2022-08-02 10:15:00,2022-08-02 10:45:00,724.45,721.6,2022-08-02 10:15:00,2022-08-02 10:45:00,721.6,724.45,721.6,724.45,StopLoss,upper,724.45,-2.8500000000000227
285,PIDILITIND,2022-08-05 10:15:00,2022-08-05 15:00:00,2637.8,2617.5,2022-08-05 10:15:00,2022-08-05 15:00:00,2617.5,2637.8,2617.5,2637.8,StopLoss,upper,2637.8,-20.300000000000182
288,GAIL,2022-08-05 10:45:00,2022-08-05 10:15:00,89.8,89.33,2022-08-05 10:15:00,2022-08-05 10:45:00,89.8,89.33,89.33,89.8,StopLoss,lower,89.33,-0.46999999999999886
294,INDUSTOWER,2022-08-10 10:45:00,2022-08-10 10:15:00,194.35,193.6,2022-08-10 10:15:00,2022-08-10 10:45:00,194.35,193.6,193.6,194.35,StopLoss,lower,193.6,-0.75
298,YESBANK,2022-08-12 10:15:00,2022-08-12 10:00:00,15.25,15.15,2022-08-12 10:00:00,2022-08-12 10:15:00,15.25,15.15,15.15,15.25,StopLoss,lower,15.15,-0.09999999999999964
300,APOLLOTYRE,2022-08-17 10:00:00,2022-08-17 11:30:00,260.25,257.75,2022-08-17 10:00:00,2022-08-17 11:30:00,257.75,260.25,257.75,260.25,StopLoss,upper,260.25,-2.5
302,SBICARD,2022-08-17 10:15:00,2022-08-17 15:00:00,1018.25,1013.5,2022-08-17 10:15:00,2022-08-17 15:00:00,1013.5,1003.0,1013.5,1003.0,DayEnd,upper,1018.25,10.5
307,TRENT,2022-08-18 10:00:00,2022-08-18 15:00:00,1518.3,1507.4,2022-08-18 10:00:00,2022-08-18 15:00:00,1507.4,1456.4,1507.4,1456.4,DayEnd,upper,1518.3,51.0
308,HINDPETRO,2022-08-24 13:00:00,2022-08-24 10:00:00,238.45,238.0,2022-08-24 10:00:00,2022-08-24 13:00:00,238.45,238.0,238.0,238.45,StopLoss,lower,238.0,-0.44999999999998863
310,NAUKRI,2022-08-26 10:00:00,2022-08-26 15:00:00,4624.9,4567.05,2022-08-26 10:00:00,2022-08-26 15:00:00,4567.05,4458.0,4567.05,4458.0,DayEnd,upper,4624.9,109.05000000000018
319,ESCORTS,2022-09-02 10:15:00,2022-09-02 11:15:00,2074.8,2057.3,2022-09-02 10:15:00,2022-09-02 11:15:00,2057.3,2074.8,2057.3,2074.8,StopLoss,upper,2074.8,-17.5
320,PIDILITIND,2022-09-02 10:00:00,2022-09-02 15:00:00,2892.0,2879.3,2022-09-02 10:00:00,2022-09-02 15:00:00,2879.3,2865.4,2879.3,2865.4,DayEnd,upper,2892.0,13.900000000000091
321,LALPATHLAB,2022-09-05 12:15:00,2022-09-05 09:45:00,2407.95,2388.85,2022-09-05 09:45:00,2022-09-05 12:15:00,2407.95,2388.85,2388.85,2407.95,StopLoss,lower,2388.85,-19.09999999999991
325,SHREECEM,2022-09-09 10:30:00,2022-09-09 15:00:00,25534.15,25323.3,2022-09-09 10:30:00,2022-09-09 15:00:00,25323.3,24509.0,25323.3,24509.0,DayEnd,upper,25534.15,814.2999999999993
328,ADANIPORTS,2022-09-12 09:45:00,2022-09-12 12:00:00,934.7,927.2,2022-09-12 09:45:00,2022-09-12 12:00:00,927.2,934.7,927.2,934.7,StopLoss,upper,934.7,-7.5
338,GLAND,2022-09-19 15:00:00,2022-09-19 09:45:00,2269.25,2232.7,2022-09-19 09:45:00,2022-09-19 15:00:00,2269.25,2242.55,2242.55,2269.25,DayEnd,lower,2232.7,-26.699999999999818
339,LTTS,2022-09-19 11:00:00,2022-09-19 09:45:00,3410.0,3380.15,2022-09-19 09:45:00,2022-09-19 11:00:00,3410.0,3380.15,3380.15,3410.0,StopLoss,lower,3380.15,-29.84999999999991
342,PRESTIGE,2022-09-22 10:15:00,2022-09-22 09:45:00,455.5,454.0,2022-09-22 09:45:00,2022-09-22 10:15:00,455.5,454.0,454.0,455.5,StopLoss,lower,454.0,-1.5
344,APOLLOHOSP,2022-09-23 09:45:00,2022-09-23 15:00:00,4691.6,4630.5,2022-09-23 09:45:00,2022-09-23 15:00:00,4630.5,4464.0,4630.5,4464.0,DayEnd,upper,4691.6,166.5
346,BPCL,2022-09-26 11:45:00,2022-09-26 10:45:00,310.35,308.15,2022-09-26 10:45:00,2022-09-26 11:45:00,310.35,308.15,308.15,310.35,StopLoss,lower,308.15,-2.2000000000000455
347,POWERGRID,2022-09-26 15:00:00,2022-09-26 09:45:00,192.35,186.35,2022-09-26 09:45:00,2022-09-26 15:00:00,192.35,205.4,205.4,192.35,DayEnd,lower,186.35,13.050000000000011
349,ASTRAL,2022-09-27 15:00:00,2022-09-27 10:15:00,2160.0,2135.0,2022-09-27 10:15:00,2022-09-27 15:00:00,2160.0,2177.5,2177.5,2160.0,DayEnd,lower,2135.0,17.5
350,GODREJPROP,2022-09-27 10:45:00,2022-09-27 10:30:00,1144.75,1135.1,2022-09-27 10:30:00,2022-09-27 10:45:00,1144.75,1135.1,1135.1,1144.75,StopLoss,lower,1135.1,-9.650000000000091
351,BANDHANBNK,2022-09-28 15:00:00,2022-09-28 09:45:00,255.4,251.5,2022-09-28 09:45:00,2022-09-28 15:00:00,255.4,254.1,254.1,255.4,DayEnd,lower,251.5,-1.3000000000000114
352,RBLBANK,2022-09-28 15:00:00,2022-09-28 09:45:00,110.8,108.65,2022-09-28 09:45:00,2022-09-28 15:00:00,110.8,111.5,111.5,110.8,DayEnd,lower,108.65,0.7000000000000028
353,PEL,2022-09-28 15:00:00,2022-09-28 09:45:00,864.0,850.35,2022-09-28 09:45:00,2022-09-28 15:00:00,864.0,851.9,851.9,864.0,DayEnd,lower,850.35,-12.100000000000023
355,HEROMOTOCO,2022-09-29 13:15:00,2022-09-29 09:45:00,2568.0,2555.8,2022-09-29 09:45:00,2022-09-29 13:15:00,2568.0,2555.8,2555.8,2568.0,StopLoss,lower,2555.8,-12.199999999999818
356,APOLLOHOSP,2022-10-03 10:00:00,2022-10-03 15:00:00,4464.25,4427.55,2022-10-03 10:00:00,2022-10-03 15:00:00,4427.55,4387.9,4427.55,4387.9,DayEnd,upper,4464.25,39.650000000000546
358,GLENMARK,2022-10-03 10:00:00,2022-10-03 15:00:00,405.0,400.4,2022-10-03 10:00:00,2022-10-03 15:00:00,400.4,399.5,400.4,399.5,DayEnd,upper,405.0,0.8999999999999773
370,NAVINFLUOR,2022-10-18 10:00:00,2022-10-18 09:45:00,4385.0,4330.55,2022-10-18 09:45:00,2022-10-18 10:00:00,4385.0,4330.55,4330.55,4385.0,StopLoss,lower,4330.55,-54.44999999999982
374,SONACOMS,2022-10-20 10:00:00,2022-10-20 15:00:00,494.15,483.35,2022-10-20 10:00:00,2022-10-20 15:00:00,483.35,484.2,483.35,484.2,DayEnd,upper,494.15,-0.8499999999999659
378,LALPATHLAB,2022-10-21 10:00:00,2022-10-21 11:15:00,2561.25,2542.55,2022-10-21 10:00:00,2022-10-21 11:15:00,2542.55,2561.25,2542.55,2561.25,StopLoss,upper,2561.25,-18.699999999999818
382,PAGEIND,2022-10-28 13:15:00,2022-10-28 10:15:00,49599.35,49301.2,2022-10-28 10:15:00,2022-10-28 13:15:00,49599.35,49301.2,49301.2,49599.35,StopLoss,lower,49301.2,-298.15000000000146
384,BANKINDIA,2022-11-01 10:15:00,2022-11-01 12:00:00,61.8,61.3,2022-11-01 10:15:00,2022-11-01 12:00:00,61.3,61.8,61.3,61.8,StopLoss,upper,61.8,-0.5
386,LICHSGFIN,2022-11-02 15:00:00,2022-11-02 10:00:00,362.4,358.05,2022-11-02 10:00:00,2022-11-02 15:00:00,362.4,369.0,369.0,362.4,DayEnd,lower,358.05,6.600000000000023
389,JINDALSTEL,2022-11-04 10:30:00,2022-11-04 15:00:00,480.7,475.55,2022-11-04 10:30:00,2022-11-04 15:00:00,475.55,475.25,475.55,475.25,DayEnd,upper,480.7,0.30000000000001137
391,VEDL,2022-11-04 10:30:00,2022-11-04 15:00:00,323.6,319.7,2022-11-04 10:30:00,2022-11-04 15:00:00,319.7,321.1,319.7,321.1,DayEnd,upper,323.6,-1.400000000000034
393,PRESTIGE,2022-11-09 10:00:00,2022-11-09 15:00:00,480.1,472.0,2022-11-09 10:00:00,2022-11-09 15:00:00,472.0,461.2,472.0,461.2,DayEnd,upper,480.1,10.800000000000011
394,BRITANNIA,2022-11-09 10:15:00,2022-11-09 15:00:00,4232.7,4222.7,2022-11-09 10:15:00,2022-11-09 15:00:00,4222.7,4162.9,4222.7,4162.9,DayEnd,upper,4232.7,59.80000000000018
397,UNIONBANK,2022-11-10 10:00:00,2022-11-10 11:15:00,66.8,66.05,2022-11-10 10:00:00,2022-11-10 11:15:00,66.05,66.8,66.05,66.8,StopLoss,upper,66.8,-0.75
400,NATCOPHARM,2022-11-14 15:00:00,2022-11-14 09:45:00,572.7,566.65,2022-11-14 09:45:00,2022-11-14 15:00:00,572.7,573.3,573.3,572.7,DayEnd,lower,566.65,0.599999999999909
401,ASTRAL,2022-11-15 10:30:00,2022-11-15 10:00:00,1941.35,1930.1,2022-11-15 10:00:00,2022-11-15 10:30:00,1941.35,1930.1,1930.1,1941.35,StopLoss,lower,1930.1,-11.25
403,CONCOR,2022-11-16 15:00:00,2022-11-16 10:00:00,753.9,750.0,2022-11-16 10:00:00,2022-11-16 15:00:00,753.9,762.55,762.55,753.9,DayEnd,lower,750.0,8.649999999999977
404,BAJAJFINSV,2022-11-16 14:30:00,2022-11-16 09:45:00,1690.0,1678.5,2022-11-16 09:45:00,2022-11-16 14:30:00,1690.0,1678.5,1678.5,1690.0,StopLoss,lower,1678.5,-11.5
405,ASTRAL,2022-11-16 15:00:00,2022-11-16 10:00:00,1938.0,1902.45,2022-11-16 10:00:00,2022-11-16 15:00:00,1938.0,1924.25,1924.25,1938.0,DayEnd,lower,1902.45,-13.75
407,CASTROLIND,2022-11-17 10:00:00,2022-11-17 15:00:00,132.9,132.25,2022-11-17 10:00:00,2022-11-17 15:00:00,132.25,131.8,132.25,131.8,DayEnd,upper,132.9,0.44999999999998863
408,IRFC,2022-11-17 09:45:00,2022-11-17 12:30:00,28.4,28.0,2022-11-17 09:45:00,2022-11-17 12:30:00,28.0,28.4,28.0,28.4,StopLoss,upper,28.4,-0.3999999999999986
409,DIXON,2022-11-18 13:45:00,2022-11-18 10:15:00,4303.0,4275.1,2022-11-18 10:15:00,2022-11-18 13:45:00,4303.0,4275.1,4275.1,4303.0,StopLoss,lower,4275.1,-27.899999999999636
410,PNB,2022-11-21 11:15:00,2022-11-21 15:00:00,47.7,47.5,2022-11-21 11:15:00,2022-11-21 15:00:00,47.5,47.45,47.5,47.45,DayEnd,upper,47.7,0.04999999999999716
412,ADANITRANS,2022-11-21 13:15:00,2022-11-21 10:00:00,3053.25,3028.0,2022-11-21 10:00:00,2022-11-21 13:15:00,3053.25,3028.0,3028.0,3053.25,StopLoss,lower,3028.0,-25.25
413,MANAPPURAM,2022-11-21 15:00:00,2022-11-21 10:00:00,110.4,109.3,2022-11-21 10:00:00,2022-11-21 15:00:00,110.4,111.2,111.2,110.4,DayEnd,lower,109.3,0.7999999999999972
414,MANAPPURAM,2022-11-22 15:00:00,2022-11-22 09:45:00,110.35,109.75,2022-11-22 09:45:00,2022-11-22 15:00:00,110.35,111.2,111.2,110.35,DayEnd,lower,109.75,0.8500000000000085
415,FORTIS,2022-11-22 15:00:00,2022-11-22 10:15:00,281.45,279.2,2022-11-22 10:15:00,2022-11-22 15:00:00,281.45,280.3,280.3,281.45,DayEnd,lower,279.2,-1.1499999999999773
420,IRFC,2022-11-24 09:45:00,2022-11-24 10:30:00,30.1,29.85,2022-11-24 09:45:00,2022-11-24 10:30:00,29.85,30.1,29.85,30.1,StopLoss,upper,30.1,-0.25
421,INDIGO,2022-11-24 10:00:00,2022-11-24 15:00:00,1959.9,1943.7,2022-11-24 10:00:00,2022-11-24 15:00:00,1943.7,1895.95,1943.7,1895.95,DayEnd,upper,1959.9,47.75
423,HDFCLIFE,2022-11-25 09:45:00,2022-11-25 15:00:00,587.35,581.9,2022-11-25 09:45:00,2022-11-25 15:00:00,581.9,585.0,581.9,585.0,DayEnd,upper,587.35,-3.1000000000000227
426,IRFC,2022-11-28 10:30:00,2022-11-28 15:00:00,34.65,34.25,2022-11-28 10:30:00,2022-11-28 15:00:00,34.25,33.6,34.25,33.6,DayEnd,upper,34.65,0.6499999999999986
428,MFSL,2022-11-28 10:00:00,2022-11-28 15:00:00,694.6,687.1,2022-11-28 10:00:00,2022-11-28 15:00:00,687.1,685.45,687.1,685.45,DayEnd,upper,694.6,1.6499999999999773
434,DIXON,2022-11-30 10:30:00,2022-11-30 10:00:00,4231.45,4217.1,2022-11-30 10:00:00,2022-11-30 10:30:00,4231.45,4217.1,4217.1,4231.45,StopLoss,lower,4217.1,-14.349999999999454
437,TATASTEEL,2022-12-05 10:00:00,2022-12-05 12:15:00,114.7,113.75,2022-12-05 10:00:00,2022-12-05 12:15:00,113.75,114.7,113.75,114.7,StopLoss,upper,114.7,-0.9500000000000028
438,VEDL,2022-12-05 09:45:00,2022-12-05 15:00:00,322.15,319.55,2022-12-05 09:45:00,2022-12-05 15:00:00,319.55,319.45,319.55,319.45,DayEnd,upper,322.15,0.10000000000002274
439,INDIANB,2022-12-06 10:15:00,2022-12-06 11:15:00,289.9,289.05,2022-12-06 10:15:00,2022-12-06 11:15:00,289.05,289.9,289.05,289.9,StopLoss,upper,289.9,-0.8499999999999659
440,PNB,2022-12-06 10:30:00,2022-12-06 15:00:00,57.2,56.7,2022-12-06 10:30:00,2022-12-06 15:00:00,56.7,55.5,56.7,55.5,DayEnd,upper,57.2,1.2000000000000028
441,BANKINDIA,2022-12-06 10:15:00,2022-12-06 15:00:00,93.2,92.1,2022-12-06 10:15:00,2022-12-06 15:00:00,92.1,90.05,92.1,90.05,DayEnd,upper,93.2,2.049999999999997
444,BANKINDIA,2022-12-08 10:00:00,2022-12-08 11:00:00,97.25,96.0,2022-12-08 10:00:00,2022-12-08 11:00:00,96.0,97.25,96.0,97.25,StopLoss,upper,97.25,-1.25
445,LTIM,2022-12-08 10:30:00,2022-12-08 10:15:00,4635.7,4622.0,2022-12-08 10:15:00,2022-12-08 10:30:00,4635.7,4622.0,4622.0,4635.7,StopLoss,lower,4622.0,-13.699999999999818
447,BANKBARODA,2022-12-09 10:15:00,2022-12-09 15:00:00,195.9,193.5,2022-12-09 10:15:00,2022-12-09 15:00:00,193.5,186.75,193.5,186.75,DayEnd,upper,195.9,6.75
448,IRFC,2022-12-09 10:15:00,2022-12-09 10:00:00,31.9,31.65,2022-12-09 10:00:00,2022-12-09 10:15:00,31.9,31.65,31.65,31.9,StopLoss,lower,31.65,-0.25
449,COFORGE,2022-12-09 11:45:00,2022-12-09 11:15:00,3931.15,3915.0,2022-12-09 11:15:00,2022-12-09 11:45:00,3931.15,3915.0,3915.0,3931.15,StopLoss,lower,3915.0,-16.15000000000009
450,SIEMENS,2022-12-12 11:00:00,2022-12-12 14:00:00,3049.5,3035.2,2022-12-12 11:00:00,2022-12-12 14:00:00,3035.2,3049.5,3035.2,3049.5,StopLoss,upper,3049.5,-14.300000000000182
451,LTIM,2022-12-12 15:00:00,2022-12-12 10:00:00,4323.7,4309.0,2022-12-12 10:00:00,2022-12-12 15:00:00,4323.7,4319.95,4319.95,4323.7,DayEnd,lower,4309.0,-3.75
